"FS","SS","FL1.LOG","FL2.LOG","FL4.LOG"
459,231,150,458,42
596,259,221,483,160
603,241,156,463,262
529,378,166,471,30
623,538,579,448,539
553,244,173,494,141
549,314,189,483,155
522,170,73,365,222
744,448,59,543,158
418,303,438,96,446
773,518,251,585,182
574,267,256,429,129
466,261,67,528,20
510,256,191,417,248
419,293,240,518,192
370,206,452,42,431
698,328,221,473,266
545,299,137,594,179
435,249,234,546,116
738,330,54,548,255
382,333,539,365,498
830,467,239,572,156
629,269,104,503,1
510,212,111,506,71
448,336,91,442,209
455,278,300,605,222
641,460,304,535,206
655,549,175,625,250
644,335,131,535,166
385,256,441,5,480
330,107,602,175,272
370,178,444,343,381
461,220,127,514,210
868,385,197,352,248
608,176,228,412,55
346,162,559,214,335
524,174,81,388,9
380,188,1,489,85
631,247,154,514,188
554,228,10,486,157
388,193,385,8,482
415,305,433,256,480
806,574,28,493,13
493,216,210,488,190
657,286,95,468,139
522,299,154,435,138
581,623,548,383,511
514,307,180,437,291
346,119,416,20,499
499,274,192,397,117
408,91,478,470,458
296,211,307,515,263
751,396,248,480,262
304,133,97,432,81
723,306,134,523,223
576,301,175,434,311
577,290,113,454,18
591,301,214,522,255
683,287,95,497,189
577,318,94,483,114
733,270,248,430,192
474,209,223,525,177
534,171,219,546,206
395,191,407,226,481
776,332,135,537,133
728,435,127,502,102
404,303,437,140,344
564,251,199,505,159
359,194,371,28,480
444,325,254,100,500
353,163,302,122,416
498,201,275,421,216
619,383,145,587,125
608,352,173,587,165
595,187,207,439,291
383,251,409,319,472
848,587,183,661,177
483,387,191,506,226
442,311,458,14,467
878,471,137,534,219
331,129,585,161,347
457,224,177,426,181
486,170,174,495,296
657,466,259,550,162
765,227,181,534,209
524,216,175,485,121
388,186,428,163,476
536,172,194,522,157
516,216,124,416,149
553,189,91,378,38
351,325,513,411,445
314,151,454,109,402
670,419,296,571,284
365,309,192,97,256
447,181,415,268,432
805,396,183,454,63
373,138,137,456,185
525,213,139,514,188
385,292,476,337,551
407,257,227,481,130
391,233,427,97,373
717,542,178,505,72
478,183,148,458,210
702,307,279,466,240
545,246,79,597,234
294,120,320,58,59
458,313,170,460,319
665,451,43,436,138
435,395,493,206,483
590,255,129,465,158
475,302,222,477,208
409,118,452,196,469
316,161,404,83,214
612,225,153,510,136
464,208,171,444,141
550,300,120,505,251
683,190,224,504,28
420,179,505,148,388
569,198,148,429,186
618,493,466,532,443
517,259,187,527,109
442,408,568,162,442
538,534,192,626,68
440,223,38,469,206
299,203,118,461,215
540,253,146,527,232
581,355,109,568,223
410,190,41,475,172
413,207,76,495,156
832,428,132,440,217
586,389,168,425,43
503,367,217,457,231
356,273,93,470,147
397,229,396,103,428
566,257,85,522,45
718,290,260,467,162
486,341,222,540,87
457,212,327,237,398
411,302,443,404,468
636,222,171,444,239
587,362,178,536,68
357,203,17,489,136
460,143,132,472,267
479,182,75,453,79
373,262,190,466,153
547,299,191,516,161
420,275,184,474,118
402,365,354,129,378
480,268,80,586,77
445,200,517,196,367
449,258,409,102,316
778,233,139,406,253
631,274,172,511,115
378,211,427,426,411
519,247,178,422,142
576,227,215,516,261
535,287,148,488,222
330,142,60,459,32
592,438,267,536,314
554,355,138,487,259
892,333,137,594,131
500,149,442,88,410
551,298,79,440,88
354,205,367,494,310
360,110,444,91,368
285,143,378,162,470
666,350,199,494,265
503,165,120,369,220
616,197,133,554,250
332,151,331,473,318
721,295,209,453,130
860,360,245,12,292
548,305,254,558,281
516,258,149,529,206
883,316,233,420,227
850,278,141,474,92
478,288,548,60,542
405,198,398,43,446
388,102,30,452,103
656,330,117,465,254
453,278,219,508,107
328,98,439,79,437
508,182,486,23,438
641,756,538,463,527
493,231,84,426,85
323,186,549,331,402
686,254,154,577,226
439,330,236,607,212
512,276,504,7,483
588,285,4,534,213
272,161,264,223,190
512,285,87,481,24
690,210,148,503,205
415,254,363,167,438
362,181,298,128,386
396,184,294,369,209
409,190,409,66,464
471,270,113,489,109
870,291,227,528,195
496,342,159,510,170
388,119,608,231,435
703,317,138,529,102
603,327,180,421,91
479,319,102,557,323
446,355,135,484,86
407,169,86,516,262
492,209,165,514,280
446,323,395,41,441
376,209,365,74,220
600,264,170,435,97
468,208,184,452,263
624,214,147,443,232
774,748,150,165,262
535,313,59,524,170
686,442,236,537,200
720,392,171,510,212
517,202,139,503,139
476,296,169,534,253
653,317,126,463,341
387,275,476,60,426
456,329,463,109,506
411,239,157,535,239
436,214,129,475,185
386,164,304,234,280
468,260,134,533,189
507,252,141,569,179
456,263,167,446,208
341,147,457,69,394
435,136,447,39,358
513,336,306,63,329
497,368,221,647,215
874,389,256,594,77
307,123,100,365,205
997,426,215,548,203
660,343,161,412,189
590,398,186,537,202
532,427,113,540,204
596,329,97,603,92
579,315,152,473,215
713,438,354,582,263
529,238,163,456,291
515,137,207,476,206
878,357,228,536,287
328,68,332,147,367
358,219,145,495,55
595,446,174,462,68
783,703,278,510,301
526,152,477,58,387
473,201,220,486,21
540,417,172,623,291
942,450,260,513,149
250,124,182,336,39
421,132,149,454,286
445,321,438,114,380
722,465,213,440,145
573,184,120,419,61
730,237,163,486,234
398,187,196,421,246
703,328,212,618,204
400,207,165,454,60
458,282,208,553,204
532,243,67,520,138
316,153,393,158,383
749,388,152,584,170
526,218,105,447,193
248,124,336,435,340
333,246,452,100,451
818,398,214,519,281
549,228,88,517,116
633,282,271,516,81
462,222,135,452,170
563,324,157,487,224
505,215,212,351,284
534,234,173,508,214
535,162,155,447,103
488,261,176,453,125
614,246,264,415,195
808,629,255,380,271
870,468,185,540,242
369,132,569,155,370
736,288,167,399,176
460,304,425,244,504
710,322,171,482,162
788,377,201,540,73
466,210,36,507,168
445,278,151,370,200
512,312,198,430,222
293,198,576,209,382
855,316,180,540,107
561,578,154,139,72
424,161,357,93,366
501,285,144,503,34
755,298,213,532,213
400,213,226,545,126
501,297,111,440,68
836,439,64,619,151
545,271,221,570,116
832,462,403,379,469
512,155,160,404,248
557,234,187,502,153
887,351,176,465,225
689,391,145,561,35
409,170,190,378,165
487,229,200,604,203
626,316,217,635,221
477,242,9,533,32
483,372,117,512,73
535,273,179,455,17
563,624,155,533,206
438,148,236,529,248
727,252,101,372,39
233,143,378,483,321
313,162,465,68,408
755,489,202,600,266
408,130,89,369,122
687,352,165,527,119
562,257,35,458,258
348,227,147,530,122
309,86,182,389,208
353,202,102,453,155
436,305,189,476,220
765,450,53,529,116
404,182,348,221,439
439,206,110,452,200
441,230,360,296,395
496,204,225,507,65
758,541,108,492,219
613,399,194,484,253
376,219,362,16,431
580,363,180,473,224
381,270,152,463,202
477,325,469,261,425
717,302,95,435,138
533,316,164,500,250
550,288,157,479,286
551,272,16,288,308
349,87,430,69,386
531,322,192,501,178
619,354,81,449,157
635,528,176,591,190
875,469,168,518,268
647,279,29,470,176
559,182,146,414,140
550,379,154,484,230
402,287,266,465,159
477,334,373,357,442
506,158,97,460,196
393,312,166,456,103
394,193,539,108,460
390,332,371,193,316
616,303,113,454,100
431,238,275,520,253
466,268,148,477,134
429,129,435,78,444
527,189,192,508,219
566,301,186,565,332
417,258,312,166,362
600,283,297,501,214
595,249,27,419,297
495,239,151,492,230
584,481,469,309,453
596,334,77,394,174
474,274,131,512,231
555,569,564,453,516
429,260,233,558,274
525,171,199,484,275
463,294,201,486,250
773,398,264,475,274
586,346,135,477,189
456,255,354,61,407
674,380,45,550,139
638,707,202,210,12
522,298,229,538,242
364,135,446,42,392
565,400,221,518,207
662,316,77,497,276
370,228,171,453,237
548,367,173,504,165
359,253,418,74,423
633,653,353,245,346
489,173,108,393,201
601,329,41,457,305
442,331,501,342,490
460,171,111,551,211
495,191,147,500,231
537,219,226,485,249
805,593,515,328,538
468,231,490,105,409
488,166,105,437,184
622,238,148,463,233
342,233,486,225,535
734,257,12,239,269
610,325,197,494,232
658,431,106,511,161
448,196,147,429,203
347,143,162,505,75
690,466,266,527,292
484,249,166,451,265
467,327,140,463,231
447,232,367,94,210
384,168,385,298,514
562,265,162,566,63
520,258,97,563,113
381,245,556,146,377
493,222,55,592,125
401,177,50,395,173
548,310,218,567,98
652,283,132,475,15
376,249,302,221,426
518,362,116,464,211
679,585,574,446,541
392,330,486,333,464
348,288,325,231,310
404,225,129,431,14
856,357,40,537,229
355,180,509,101,403
368,161,161,484,213
919,537,217,629,169
617,237,185,515,281
431,254,422,155,331
332,124,256,362,259
350,178,524,168,372
589,272,120,504,98
505,329,95,571,196
285,204,262,40,260
398,245,432,19,361
718,729,240,485,76
745,383,124,567,180
467,297,107,428,195
533,269,76,439,209
322,220,417,336,286
358,145,379,213,489
626,233,135,537,220
392,175,471,211,426
306,97,161,347,126
289,188,393,294,418
554,207,170,408,196
406,238,385,242,464
432,164,237,595,161
398,230,170,446,270
628,288,104,474,196
522,341,223,567,168
925,397,35,543,162
488,260,38,512,176
790,452,218,517,180
546,222,91,499,136
602,295,179,499,217
398,160,38,377,63
460,305,134,545,264
302,74,518,10,409
464,177,419,181,439
495,197,197,440,30
614,574,271,548,286
826,428,212,501,93
374,198,163,457,149
500,287,256,535,268
528,169,244,462,196
503,184,160,434,127
332,141,247,151,254
632,282,168,414,286
407,125,426,100,435
759,340,257,503,237
472,369,578,336,387
543,387,287,394,215
455,458,505,534,479
547,514,497,426,462
375,128,395,208,423
365,198,365,171,476
516,293,184,450,190
902,541,526,342,493
855,392,187,498,162
648,274,250,613,99
466,225,130,344,151
389,168,148,393,208
401,126,107,327,222
656,375,238,517,89
368,252,215,23,403
564,226,197,469,284
678,297,166,369,159
604,224,158,486,146
703,383,154,468,66
341,273,497,346,438
695,295,168,440,61
377,232,445,156,485
741,225,148,515,53
600,216,193,383,252
417,169,564,124,410
594,227,126,466,306
328,103,446,65,441
394,274,415,281,438
472,283,188,585,298
422,209,394,134,416
383,218,238,412,278
513,366,230,506,325
962,658,422,656,322
521,237,118,495,160
628,695,587,468,527
474,237,150,444,79
636,308,137,350,146
444,272,416,155,391
745,264,195,542,121
631,217,129,489,7
858,501,237,506,250
399,275,366,267,377
475,425,201,553,94
609,312,197,497,206
1018,495,214,623,203
467,281,395,126,483
362,77,450,67,353
555,282,113,618,111
392,241,352,322,406
633,356,178,340,209
694,508,188,502,267
631,232,246,506,150
378,220,468,278,502
752,262,179,519,105
660,438,338,49,435
563,410,281,433,295
483,249,527,175,487
594,258,188,462,214
811,521,203,581,317
315,172,434,555,383
581,529,476,255,426
652,220,167,453,32
402,156,326,98,367
592,448,75,541,40
407,151,516,125,415
485,240,119,509,136
407,215,378,274,458
946,590,287,550,230
465,200,445,141,361
447,250,246,362,144
786,411,33,456,228
327,208,172,535,262
607,227,149,433,195
663,349,210,569,172
559,415,211,480,195
411,356,443,181,95
323,82,447,116,461
358,270,398,174,507
975,615,215,558,186
515,260,243,546,68
713,326,77,492,263
288,165,255,584,226
410,128,42,442,141
501,244,49,469,10
704,361,189,543,299
338,291,192,534,181
523,406,226,235,225
682,199,137,241,123
582,245,148,477,205
422,181,176,451,191
639,443,165,583,150
371,192,39,471,219
460,215,206,594,29
824,553,241,367,242
452,226,157,484,138
685,363,232,432,101
322,181,356,127,474
754,385,185,502,36
347,106,58,465,77
812,449,243,593,9
442,180,511,37,455
497,216,157,516,94
528,335,198,489,221
692,407,85,504,165
470,150,192,426,125
766,396,161,571,224
659,163,115,387,38
691,459,266,543,290
579,267,150,482,182
942,410,248,563,180
338,306,152,556,218
353,149,382,341,532
439,271,95,422,178
715,449,185,490,148
617,363,227,500,174
445,260,587,52,433
478,199,146,526,194
519,279,265,654,98
745,326,138,526,103
707,392,258,501,155
571,287,202,400,173
528,186,142,424,153
546,283,247,485,263
610,147,185,369,69
389,123,532,131,394
541,188,214,441,53
320,144,134,341,211
394,353,455,227,404
567,192,41,390,200
677,413,102,617,10
555,261,134,391,284
577,268,139,372,17
664,294,128,439,228
497,250,70,459,229
614,334,193,555,244
672,462,115,558,197
458,283,72,607,18
451,213,212,547,79
471,241,254,423,167
483,266,58,499,1
390,276,453,216,450
356,222,440,183,475
367,245,135,537,256
570,254,193,448,196
655,442,289,610,250
760,562,55,502,38
470,248,161,486,75
662,485,262,558,298
299,159,563,328,560
744,308,185,568,274
893,733,176,555,113
447,231,25,505,284
367,234,173,544,232
238,136,86,466,173
409,299,398,284,298
640,238,182,573,69
577,278,146,429,82
326,283,216,211,67
371,195,207,133,248
514,366,197,517,292
390,300,390,50,459
748,339,125,527,273
579,393,143,453,118
571,241,161,529,52
455,188,172,530,233
901,338,242,538,36
650,320,56,561,264
308,210,415,523,388
700,301,174,523,264
554,371,269,484,103
258,98,289,468,291
515,295,177,553,56
388,183,430,32,425
556,273,445,143,393
297,165,249,492,251
498,266,170,423,216
449,204,190,516,208
340,227,364,237,378
459,216,551,118,461
442,143,118,400,12
741,380,233,462,335
612,466,156,475,262
656,438,272,511,262
565,318,174,550,154
522,216,144,289,260
409,259,47,565,42
857,430,207,542,216
810,557,199,570,279
386,287,402,166,418
689,516,134,544,176
607,455,178,594,329
470,232,67,492,263
423,318,533,307,579
620,281,61,246,116
570,242,172,430,92
588,218,47,455,213
306,249,245,498,182
479,378,228,338,301
554,431,316,506,189
518,402,343,16,558
409,284,354,158,386
348,182,159,433,221
821,407,208,463,197
372,188,161,447,259
313,89,396,79,398
625,249,39,474,145
379,339,218,237,173
524,275,182,486,93
298,152,273,319,290
640,452,198,547,118
595,684,168,566,272
417,224,178,442,73
626,249,222,440,203
445,246,176,356,114
630,257,182,569,154
913,406,235,456,186
565,299,68,457,172
438,180,178,504,144
841,550,252,461,266
388,189,573,330,474
555,275,21,598,307
312,241,186,493,181
335,208,526,307,500
825,300,181,508,209
438,195,488,253,433
321,128,375,64,448
504,304,193,375,288
474,160,161,497,147
720,358,236,615,13
409,245,419,83,409
644,244,124,436,141
621,280,174,493,148
294,137,155,453,188
626,341,105,431,230
787,463,259,430,365
607,353,325,515,220
620,196,107,432,112
450,328,145,437,241
418,155,97,454,56
565,328,268,503,264
451,218,84,474,223
446,301,246,577,255
549,301,62,484,348
669,370,202,443,23
739,235,208,450,43
597,217,96,500,70
822,332,202,557,223
410,144,458,173,393
762,335,265,416,95
441,250,170,496,196
342,177,143,440,92
298,209,457,155,472
517,283,140,447,136
572,219,143,448,58
613,312,201,547,144
485,263,208,526,250
318,198,231,359,131
726,346,234,525,96
304,164,569,331,405
539,271,188,464,119
646,300,346,463,223
654,668,239,181,278
554,219,162,521,286
673,326,199,518,151
467,348,291,554,170
325,130,498,9,384
750,381,114,603,150
479,224,343,127,424
576,321,129,454,259
425,205,194,536,235
319,171,99,504,205
614,310,223,586,214
525,366,172,586,200
563,286,123,529,152
456,190,533,124,368
435,209,445,102,322
500,406,483,306,452
383,330,435,82,440
666,242,120,517,302
908,450,223,523,160
521,222,252,506,241
921,460,258,638,294
389,196,12,475,288
394,173,308,268,467
779,261,191,362,231
397,263,463,200,346
612,324,236,499,133
761,323,212,491,183
695,257,443,220,332
623,288,166,505,183
750,298,264,562,314
919,309,135,530,184
444,298,562,179,429
331,123,533,285,249
704,249,212,421,285
560,216,162,442,281
353,216,397,278,486
735,342,56,511,167
551,161,46,392,82
475,403,411,305,453
556,251,192,520,275
365,221,422,86,250
343,145,105,203,39
805,324,239,482,256
961,494,216,450,208
516,287,476,311,480
673,373,199,549,34
635,236,76,523,128
438,328,166,529,171
583,586,186,602,241
491,283,85,459,164
804,543,229,557,220
746,428,228,498,119
579,246,167,452,83
435,252,579,41,436
692,241,8,461,219
597,566,262,551,221
393,238,471,137,465
406,335,445,221,359
823,433,100,636,214
454,193,128,546,113
635,302,108,564,284
726,307,317,521,311
527,230,152,472,237
652,570,93,599,149
701,401,301,640,81
514,221,170,510,243
656,348,182,510,232
486,219,67,453,238
829,282,147,538,279
626,243,133,461,2
559,272,152,521,121
417,255,297,25,455
406,382,342,196,365
509,248,73,587,205
873,451,351,564,324
610,607,506,317,459
325,256,264,371,264
370,82,443,44,321
461,161,100,364,146
590,301,174,518,75
447,264,204,554,273
352,91,287,237,114
468,193,51,420,150
450,307,565,176,473
560,533,249,627,273
905,538,205,606,152
526,215,236,526,230
593,271,90,309,261
369,127,467,184,391
394,234,85,462,216
510,278,210,492,105
330,260,227,516,156
412,349,358,409,359
698,808,433,301,412
582,285,185,551,225
453,267,225,597,239
944,395,118,472,259
443,269,120,500,55
607,261,219,597,76
383,179,404,217,400
679,291,193,548,227
316,92,551,62,443
601,262,109,502,193
741,262,231,504,103
487,270,68,483,247
450,243,145,563,129
762,510,309,588,30
868,369,124,478,53
502,214,147,421,193
922,385,195,534,162
848,850,508,422,432
667,306,95,543,204
532,321,218,453,116
441,253,305,42,452
498,313,280,422,244
308,239,202,429,177
404,166,424,60,456
574,344,226,598,225
323,193,99,503,42
899,535,220,634,124
500,225,8,484,117
523,262,358,80,408
542,217,75,431,222
697,369,128,499,296
463,197,278,524,333
897,532,289,659,334
753,290,158,389,292
514,218,186,538,114
459,242,39,446,264
511,236,189,384,192
478,182,236,523,107
403,393,218,53,183
410,233,292,239,387
413,192,366,101,463
476,137,129,397,264
691,298,178,539,108
487,231,265,493,265
686,376,228,496,261
418,259,478,309,563
473,203,141,429,185
335,204,337,190,431
507,236,237,418,167
921,304,250,504,162
367,205,484,138,488
551,184,61,418,54
683,336,83,541,261
436,190,209,504,270
781,590,170,528,227
527,133,193,471,1
361,232,501,216,441
490,290,174,436,123
456,212,193,530,18
654,674,570,480,520
755,602,288,616,332
371,195,92,501,227
701,439,259,556,175
371,119,572,105,350
792,356,199,592,22
428,221,79,498,273
651,286,42,477,216
519,190,170,455,199
380,180,348,178,503
471,303,200,524,19
720,449,237,544,274
711,295,61,461,40
608,230,127,468,122
386,307,358,33,455
887,368,256,613,201
400,244,353,445,409
475,224,154,476,289
571,246,109,463,71
563,243,128,457,100
528,273,216,605,100
435,173,229,507,120
396,233,450,61,454
464,113,93,412,108
396,262,386,251,411
324,143,175,553,182
547,185,105,501,139
474,253,260,568,151
820,433,167,571,246
569,223,166,397,239
482,321,201,489,240
565,250,222,537,275
390,223,350,60,450
508,340,137,467,97
604,184,174,427,189
792,440,155,483,285
345,169,258,22,429
481,275,92,527,246
388,272,440,67,413
618,283,242,534,193
568,343,319,628,250
452,153,225,555,219
561,244,81,507,265
442,221,213,455,38
526,276,135,588,235
377,184,180,518,83
657,293,127,394,216
839,487,97,499,222
464,282,225,504,304
422,236,150,533,96
594,296,78,441,114
417,119,163,357,321
503,315,184,588,115
272,155,405,505,352
620,233,40,497,237
730,441,232,615,195
581,205,225,529,107
645,251,171,409,229
603,220,121,492,221
419,166,43,485,190
411,412,476,408,462
497,358,186,441,231
536,406,372,527,416
486,223,335,17,411
661,313,79,515,216
386,104,92,349,108
593,309,165,590,125
396,110,451,206,283
382,244,77,435,122
653,461,262,552,202
553,205,114,506,277
513,229,208,528,119
546,151,181,500,224
473,186,233,497,197
319,127,389,221,420
307,252,176,531,322
729,309,194,525,304
498,219,494,243,518
804,480,154,527,354
539,434,552,334,507
465,356,495,89,458
561,231,119,532,205
380,224,547,58,401
453,216,107,479,226
340,243,122,484,180
613,420,328,483,392
585,261,254,581,126
643,375,231,465,271
606,283,202,454,111
717,343,161,460,17
366,172,48,459,126
489,244,32,517,168
391,270,130,489,111
367,142,268,33,465
535,193,124,536,10
476,255,498,144,393
454,240,478,325,434
628,485,214,603,177
593,255,171,551,45
564,197,108,452,44
431,182,524,22,424
922,397,83,547,104
341,296,419,329,294
688,181,205,466,261
600,248,40,488,162
726,198,172,519,172
381,274,428,56,403
332,156,18,476,190
649,318,192,526,195
426,192,459,134,379
404,209,423,103,386
379,255,116,508,186
358,151,187,342,220
736,835,386,216,403
879,479,197,513,241
697,297,185,562,23
580,300,312,573,245
578,225,165,474,261
465,248,410,218,354
284,204,150,491,115
440,228,248,594,220
466,295,289,487,254
588,290,71,386,218
363,135,462,23,474
864,243,266,547,81
965,318,258,509,180
760,562,249,615,101
655,440,220,433,189
694,383,81,597,133
407,281,152,507,206
584,366,278,577,341
766,421,131,665,154
549,234,176,464,234
772,493,209,382,177
372,88,515,74,451
709,355,253,652,157
663,324,154,476,246
577,171,244,403,230
356,170,352,204,370
388,176,357,191,312
428,222,111,447,108
515,328,129,543,160
420,257,386,92,332
545,301,267,454,140
715,488,138,498,63
659,514,374,565,269
376,218,411,104,465
628,281,191,393,294
823,462,75,511,208
440,139,146,390,289
408,202,367,63,401
664,340,17,501,142
749,405,167,477,117
548,253,211,491,138
527,263,94,536,281
363,224,116,427,77
575,201,150,519,312
783,882,228,538,188
643,429,172,605,151
736,397,210,448,223
396,164,355,220,321
758,618,51,406,110
356,222,382,43,366
607,345,226,551,62
383,187,45,501,229
431,351,174,530,157
754,307,218,459,229
398,220,17,388,239
877,270,228,589,199
492,467,160,450,206
536,567,412,242,372
717,358,93,449,288
619,291,158,573,93
719,474,159,493,135
688,403,107,640,182
786,791,265,256,221
453,206,156,508,171
545,240,436,71,365
510,274,62,531,129
608,292,192,550,96
462,284,408,222,361
295,196,196,321,270
368,111,246,507,169
281,212,430,278,568
502,325,267,596,216
488,212,100,531,189
968,530,129,542,145
589,259,187,463,211
713,321,112,447,151
340,185,505,96,469
412,310,598,276,447
392,238,56,447,202
422,146,492,85,487
399,216,417,128,449
424,183,320,62,436
472,208,142,538,155
836,425,171,471,193
584,259,267,268,185
509,122,98,405,88
446,333,455,251,482
674,328,216,399,328
307,94,445,143,372
704,431,271,521,180
350,161,320,229,431
751,326,244,459,291
325,180,388,203,509
421,230,176,410,303
635,260,212,544,89
571,252,97,368,246
583,306,189,538,158
388,163,208,93,351
468,194,189,418,149
726,276,128,549,115
553,285,223,613,314
337,70,457,53,374
456,369,399,304,481
399,236,77,571,149
492,418,538,428,509
535,255,245,467,303
724,343,129,531,138
590,314,213,617,164
417,161,134,364,135
404,205,55,436,158
608,325,49,382,198
709,204,165,524,118
809,455,240,603,47
491,285,57,615,119
581,246,193,430,239
370,146,301,451,314
415,210,16,524,218
846,474,231,506,121
533,281,187,404,103
474,362,22,528,200
729,360,201,475,26
494,235,144,555,278
515,339,258,450,70
648,221,125,381,156
564,296,191,544,197
423,214,436,154,406
575,298,72,379,266
435,341,418,103,484
395,160,387,266,463
484,190,188,488,60
366,257,237,434,221
503,218,151,483,108
312,170,150,481,190
722,470,276,532,224
425,231,431,34,387
530,508,505,362,441
541,247,132,495,245
549,281,173,590,208
407,211,303,196,365
572,210,56,560,187
465,233,111,496,32
428,269,436,111,448
534,243,106,437,265
667,401,258,559,251
468,204,160,525,168
616,199,76,494,230
535,248,194,460,197
459,206,358,165,280
692,180,204,411,275
453,224,243,407,138
352,236,336,49,327
629,212,184,503,24
766,373,244,583,176
593,234,70,502,67
451,232,174,501,142
285,90,289,92,487
593,416,327,478,225
621,194,150,566,128
957,544,100,577,62
455,258,232,592,136
421,219,408,73,366
391,330,401,290,504
471,120,159,397,63
510,441,232,541,270
393,194,452,14,395
580,242,159,452,230
412,206,178,620,46
598,252,181,470,231
405,286,104,451,106
365,294,402,159,439
738,790,307,223,323
324,221,124,491,103
352,256,188,490,71
685,244,146,434,200
760,360,270,539,287
564,250,193,490,114
377,231,320,43,404
432,253,237,473,34
622,670,160,580,281
660,419,151,471,196
286,126,75,332,24
426,236,188,558,144
385,233,468,107,339
403,192,471,168,367
386,265,305,62,276
341,198,423,68,247
450,183,68,236,192
683,351,92,382,122
356,139,466,89,463
584,628,237,191,199
558,367,208,624,122
879,381,227,586,246
392,164,395,111,461
801,702,484,332,480
943,292,130,494,138
278,134,113,506,276
356,191,453,170,449
480,312,242,510,242
513,523,220,478,26
442,376,533,95,383
643,329,317,523,283
438,239,43,534,299
553,283,219,360,208
533,319,144,428,287
533,231,560,244,518
422,219,249,406,210
350,117,413,84,459
421,236,266,453,268
312,198,152,487,129
735,343,140,500,240
494,277,180,624,223
454,213,493,210,411
632,274,53,462,157
343,140,430,90,509
401,254,259,219,252
433,321,152,477,201
338,156,457,197,375
741,280,229,441,127
388,234,378,60,449
655,214,184,398,172
457,213,445,61,461
426,309,164,518,169
612,234,36,520,28
430,162,157,376,250
343,98,596,213,491
530,294,167,594,203
390,168,534,159,357
704,370,146,496,211
644,281,170,465,120
414,286,147,540,240
463,288,115,567,101
336,239,408,89,503
365,322,108,511,76
634,256,14,413,210
627,466,195,511,230
696,394,167,590,216
623,299,126,570,212
430,275,164,534,329
585,234,149,492,245
536,297,148,416,176
589,397,205,430,131
460,197,111,435,169
511,202,183,429,176
407,286,192,485,150
657,244,136,521,38
833,368,222,423,146
431,227,295,469,201
611,298,127,373,223
456,372,164,485,56
580,320,181,574,156
563,222,52,435,66
355,118,393,39,434
740,287,200,491,251
591,455,171,453,61
619,316,155,534,158
510,373,210,439,197
379,256,428,256,519
432,138,83,360,210
377,235,540,92,298
385,180,394,130,332
627,318,100,427,229
497,133,187,487,204
421,221,451,165,447
650,278,97,522,78
583,210,64,471,285
456,168,109,426,169
520,419,164,485,87
848,344,243,518,227
444,258,565,146,522
465,167,157,487,114
388,168,548,45,439
318,186,215,451,284
521,312,195,415,85
456,239,454,249,349
496,264,112,395,230
542,227,152,512,76
538,382,144,586,124
552,325,140,381,8
532,210,115,417,239
440,129,158,425,146
424,250,577,166,458
635,248,223,562,243
547,236,200,493,98
588,254,132,436,99
427,269,224,494,141
448,189,143,444,29
284,159,303,193,277
392,199,315,86,475
335,179,419,14,388
357,318,229,287,307
738,371,224,538,264
498,252,224,454,44
488,217,233,485,62
592,253,208,602,58
380,152,398,132,382
481,391,226,600,217
621,334,53,500,165
408,243,138,435,142
365,146,482,130,504
528,413,133,479,276
800,506,180,500,261
555,287,159,504,248
611,266,93,567,128
489,263,171,571,63
646,231,244,569,139
836,359,210,511,138
517,279,133,437,79
607,363,146,482,230
463,287,66,547,14
585,284,94,586,178
597,316,144,426,183
372,157,446,263,464
373,163,171,334,223
598,503,343,301,265
508,220,163,448,46
323,233,396,39,394
396,337,427,1,449
828,461,63,627,230
457,207,180,467,134
308,245,177,448,188
518,260,178,490,177
356,179,353,114,427
406,280,421,105,437
818,438,231,498,139
766,336,202,427,237
793,307,91,422,138
494,380,226,504,156
420,235,251,398,158
536,420,185,140,235
747,206,225,503,232
545,262,135,500,23
335,187,367,47,437
457,253,195,507,171
908,307,256,439,227
583,269,249,369,216
466,322,223,530,246
283,91,493,141,443
450,292,212,506,89
552,196,161,452,140
327,121,206,116,269
794,278,160,511,117
683,681,615,498,612
585,270,245,603,169
617,445,396,522,357
602,270,224,530,5
553,319,374,561,399
612,489,206,538,135
503,287,201,124,268
525,416,159,593,195
647,364,14,542,270
431,208,386,153,427
587,331,189,492,226
337,145,167,267,127
675,446,292,509,149
779,466,156,523,102
763,262,193,388,173
1015,761,262,726,17
934,712,251,566,8
716,535,288,602,268
526,243,278,472,216
560,260,139,468,32
588,359,264,584,251
657,304,301,465,315
347,79,498,196,426
325,173,100,478,168
592,430,184,559,182
490,150,201,331,254
438,220,60,450,64
594,305,88,541,32
757,377,281,644,290
448,230,449,212,445
724,254,9,311,3
346,312,256,540,271
551,294,203,598,204
528,344,362,488,287
365,160,444,204,422
664,527,224,641,102
385,126,125,420,281
413,202,422,383,447
815,478,100,571,203
331,134,517,78,421
384,370,569,58,527
470,195,230,554,296
385,206,205,504,257
358,93,399,90,463
624,247,87,432,218
518,227,28,451,192
420,256,457,250,426
918,426,192,626,243
743,325,42,479,171
496,438,216,550,294
385,296,419,556,268
424,169,166,494,223
780,338,290,555,155
384,155,435,42,439
416,208,351,161,460
373,204,446,243,475
508,184,191,424,189
353,237,337,303,513
427,257,298,55,418
723,388,67,567,172
445,269,133,485,303
469,328,157,429,8
646,255,20,483,114
588,333,197,155,242
390,238,384,60,374
338,99,213,465,142
565,425,224,536,218
565,217,204,404,137
853,344,238,551,256
337,177,293,251,260
432,305,435,342,416
642,332,253,557,186
428,154,582,80,342
525,276,152,425,243
412,264,193,282,167
599,306,180,456,110
544,460,255,519,169
345,213,351,402,383
503,256,258,476,184
329,196,579,213,393
371,223,243,535,152
630,217,197,378,93
455,222,25,496,79
758,295,197,577,168
588,292,100,545,163
368,250,168,482,225
569,285,178,563,244
893,270,193,418,243
508,379,203,342,185
377,165,434,125,345
264,173,148,392,55
551,264,219,435,203
416,258,105,294,118
709,306,196,558,172
718,263,201,490,134
614,348,76,546,199
964,459,206,608,301
902,356,168,475,304
694,372,156,579,117
357,166,502,44,344
363,228,344,46,420
443,191,167,504,131
844,325,168,551,89
498,240,131,443,238
491,187,398,59,510
564,289,227,476,141
621,331,208,530,226
499,313,227,598,155
397,142,510,168,466
826,337,126,519,119
432,243,303,321,454
746,667,244,575,243
284,216,268,533,233
484,370,265,561,242
780,511,94,553,312
805,264,256,557,191
359,198,554,164,444
652,299,205,471,147
302,216,514,171,430
432,148,390,147,404
782,571,13,595,236
540,420,275,150,258
674,780,485,411,435
494,219,170,518,42
513,270,156,502,117
262,191,370,377,373
438,232,136,493,158
745,426,186,529,276
698,399,283,457,166
746,390,205,586,77
506,299,459,115,499
597,256,121,451,161
352,197,130,398,15
528,294,213,390,246
631,348,212,578,280
337,100,549,116,399
562,237,200,468,46
604,203,56,495,183
515,229,193,544,279
646,313,141,531,146
505,295,465,224,461
567,398,385,271,180
466,236,249,490,124
827,716,223,507,200
303,192,158,558,200
431,165,89,430,162
580,517,241,167,246
752,324,212,501,268
662,675,237,208,101
518,306,231,588,81
552,345,1,461,217
569,381,180,474,268
617,264,154,459,155
933,578,274,660,322
640,315,244,457,192
304,99,289,477,235
476,290,199,563,111
371,199,185,400,193
532,271,384,390,488
372,201,337,105,444
394,258,428,128,469
616,270,130,423,268
331,275,264,457,146
609,392,195,422,217
498,353,238,561,68
714,383,245,593,10
477,278,95,508,42
660,491,267,614,276
361,138,335,197,417
918,505,287,569,211
464,205,173,494,298
525,326,240,489,124
461,203,226,507,93
379,192,240,480,87
420,256,341,118,434
829,750,470,319,366
356,144,192,490,195
827,364,153,587,148
693,405,111,634,55
555,189,111,491,236
260,96,412,83,390
683,245,264,545,195
413,287,552,107,370
472,270,485,191,425
567,180,164,534,248
499,331,189,329,301
626,280,103,427,85
482,195,363,198,365
452,236,148,508,216
529,516,218,242,151
774,503,239,382,194
574,271,163,489,110
344,236,617,191,366
410,230,400,337,491
423,323,513,364,593
570,277,237,550,40
558,394,3,412,207
459,215,568,162,416
320,156,184,450,283
575,485,405,306,361
405,182,530,191,268
562,243,167,407,192
452,136,167,466,114
740,272,166,418,183
510,257,176,490,55
427,182,403,296,449
600,356,230,577,154
879,363,146,524,256
467,212,128,559,189
308,246,227,202,178
348,217,381,177,440
421,323,497,137,407
756,398,131,536,145
425,225,449,215,409
777,285,33,504,102
352,262,457,157,463
536,197,106,500,81
422,145,278,485,230
528,571,411,61,290
503,153,7,480,170
678,258,14,438,286
271,78,439,82,452
935,317,102,499,175
452,152,224,528,38
477,232,228,508,162
401,280,243,536,241
427,183,194,448,165
434,222,69,500,178
375,240,381,127,498
353,240,489,425,466
684,248,247,526,172
465,287,126,415,179
410,100,183,414,256
354,134,9,457,260
847,329,278,470,219
353,161,152,508,130
526,172,198,496,278
544,516,147,638,222
803,442,76,553,4
327,179,191,530,228
462,180,57,459,143
671,350,282,533,497
915,607,290,559,191
463,180,19,433,165
750,264,183,532,186
439,305,416,151,453
700,417,245,478,203
354,312,520,402,487
648,275,112,431,230
608,227,67,526,247
587,325,122,523,13
532,204,216,496,146
539,219,164,512,220
671,292,172,522,6
829,322,194,613,100
706,385,109,386,84
671,320,214,514,259
367,140,585,152,401
404,194,446,195,486
359,236,464,95,474
409,120,250,469,199
458,390,495,384,491
574,294,189,574,159
785,461,123,565,100
560,352,241,586,91
421,212,333,8,539
409,197,239,185,396
435,221,100,490,49
386,215,331,212,413
463,141,148,432,76
416,149,136,515,161
370,208,49,510,167
615,279,151,582,8
666,290,201,567,132
924,186,200,620,64
488,410,251,658,291
954,501,314,563,263
413,297,459,172,418
580,335,125,528,151
559,328,288,551,135
704,337,140,514,195
973,307,197,535,289
443,150,160,564,82
382,168,217,502,187
495,311,201,511,268
364,203,497,54,488
366,274,182,387,107
552,286,138,541,286
389,232,301,418,260
435,260,113,381,18
511,325,156,541,149
600,401,222,125,183
582,175,161,425,14
430,195,97,586,289
718,252,187,582,165
440,271,219,468,175
984,426,147,503,175
498,342,109,416,68
505,396,81,412,287
379,181,164,523,281
350,199,333,73,384
417,284,399,163,366
577,210,138,485,298
902,389,57,534,231
266,166,418,482,384
377,189,360,234,324
575,227,359,470,314
760,389,180,525,249
865,598,297,559,265
416,199,124,497,212
423,221,437,21,484
598,340,244,624,198
630,637,212,202,96
415,208,171,546,310
635,355,144,376,233
506,174,196,489,6
494,248,241,569,263
415,171,386,94,484
630,454,207,495,154
575,244,141,454,309
410,228,220,453,134
356,224,524,14,298
462,161,134,490,230
497,210,194,524,162
672,424,168,598,102
528,278,141,483,113
471,272,72,457,9
381,303,253,557,157
491,283,181,522,254
491,286,204,612,85
815,341,225,512,261
408,226,103,461,190
903,499,198,341,339
666,666,175,552,115
804,478,208,606,233
473,217,236,556,96
460,321,263,515,53
895,548,241,600,61
537,165,156,216,180
397,237,510,149,480
428,216,178,440,97
604,310,134,477,259
428,263,468,9,447
501,177,36,351,128
828,381,200,533,217
487,334,228,454,120
288,96,452,193,351
601,498,193,357,297
388,117,570,88,453
615,216,102,437,91
441,246,466,141,490
736,429,236,425,168
944,515,263,556,116
545,252,110,343,112
450,243,163,510,265
766,312,202,520,86
375,276,243,499,313
282,94,515,18,358
530,252,132,584,94
478,298,216,452,243
478,352,165,298,72
427,409,327,49,211
365,176,418,193,463
554,328,144,440,225
681,329,242,627,76
609,388,208,366,269
538,243,294,584,308
334,219,406,113,432
570,196,66,531,188
577,258,93,504,4
792,430,154,321,202
315,130,407,217,418
282,170,338,200,481
576,187,210,428,51
628,191,205,530,125
385,96,522,71,442
724,410,188,603,212
371,194,529,79,441
708,304,181,535,189
600,310,119,472,238
574,243,185,510,233
418,257,191,48,395
541,249,134,293,223
639,250,20,549,190
672,266,28,560,172
374,227,451,61,500
513,283,149,413,200
626,273,143,571,283
774,403,263,539,242
505,307,470,175,461
430,214,411,63,400
564,163,25,330,147
386,150,509,146,372
755,280,154,524,243
536,257,266,404,32
421,240,489,290,517
573,366,206,446,58
633,213,223,581,10
415,311,419,308,411
294,135,177,405,151
569,329,259,514,201
406,280,330,133,442
382,152,588,234,433
469,361,211,423,258
556,308,105,517,241
487,312,464,424,497
781,403,61,392,34
621,226,127,423,165
542,146,120,492,12
640,391,204,494,63
427,200,14,521,209
567,204,123,400,148
538,366,188,565,214
424,109,527,114,439
292,204,216,138,189
476,246,53,456,123
439,217,218,513,48
399,212,46,412,261
593,363,152,566,137
772,462,140,573,90
497,278,247,481,301
421,163,449,89,407
386,155,471,140,331
474,217,157,412,228
488,437,270,605,24
532,251,46,365,138
708,385,254,531,217
418,217,45,466,223
576,355,219,392,336
499,492,441,239,465
553,460,365,618,371
818,585,310,563,292
578,372,248,523,268
376,112,543,143,426
411,205,416,74,422
752,843,389,296,360
394,252,308,94,480
532,289,239,452,217
290,189,347,530,354
564,280,185,443,192
471,315,147,570,220
353,298,517,428,555
434,193,31,477,196
532,221,230,475,47
512,387,202,439,276
336,64,513,30,393
550,245,67,492,60
526,211,82,453,233
965,511,225,489,144
914,542,197,554,171
414,247,345,519,366
720,461,240,563,190
630,479,184,502,208
781,281,213,490,260
707,652,432,297,302
498,389,182,490,245
640,264,109,380,97
780,531,448,295,349
368,209,448,335,556
619,723,211,81,190
702,328,89,543,39
424,290,126,442,230
692,256,190,547,221
451,239,201,473,142
431,364,427,225,451
810,326,234,570,186
377,224,571,111,478
421,173,60,241,318
546,418,183,366,167
397,250,433,124,531
627,259,224,400,140
612,215,188,407,163
408,180,449,58,367
456,254,264,570,201
706,368,25,548,72
358,173,590,80,420
721,844,483,357,418
787,610,461,433,507
480,245,170,64,363
481,247,200,528,217
384,219,358,4,379
578,329,121,481,63
250,149,361,277,245
666,335,94,586,125
333,170,375,556,224
444,234,387,286,439
455,166,171,440,197
371,124,171,49,197
538,316,120,509,275
396,308,488,178,486
343,177,274,184,360
559,258,11,440,195
474,168,187,530,28
461,228,46,594,37
649,335,141,469,145
438,201,163,506,143
630,253,124,459,132
426,220,152,518,280
546,315,152,590,82
710,407,156,617,252
339,83,461,55,385
633,211,329,314,472
977,666,335,685,290
506,254,206,573,40
830,602,286,592,255
537,338,337,572,287
322,201,464,377,405
352,299,338,92,420
534,210,159,533,208
396,335,381,55,465
447,146,6,269,219
522,240,103,484,187
592,494,526,494,471
919,330,208,546,162
401,201,90,456,237
716,655,173,167,207
420,213,458,59,439
452,252,484,546,383
335,163,94,383,58
589,572,334,213,300
350,93,165,398,216
731,249,168,530,251
412,353,258,472,78
681,713,302,648,222
527,227,129,504,64
491,224,151,481,222
515,314,303,535,229
399,311,76,324,469
410,278,463,218,410
368,249,388,246,508
434,155,163,352,221
835,492,210,475,103
389,132,574,166,436
597,291,181,374,196
473,191,173,312,214
424,244,241,519,207
579,223,98,413,232
413,287,401,204,438
643,519,95,537,173
463,252,71,615,203
480,397,177,454,213
587,195,55,405,275
295,87,448,61,431
611,181,201,424,216
542,220,245,478,191
525,546,272,534,150
379,177,101,465,230
571,254,201,522,276
732,416,178,568,53
568,302,239,436,278
835,462,191,581,269
416,231,55,436,111
346,163,425,266,389
553,280,239,542,314
312,175,85,454,164
613,232,55,269,120
330,146,454,272,390
531,311,118,569,197
442,264,543,227,425
710,232,175,447,45
884,630,283,535,204
495,209,203,534,200
560,272,225,525,186
880,524,257,625,280
460,256,111,424,189
424,277,420,186,394
365,215,525,50,316
614,397,100,541,234
447,254,251,492,63
559,397,369,183,399
820,239,60,443,265
456,417,192,465,232
739,394,185,466,298
357,152,357,160,389
411,225,339,171,421
594,334,152,510,37
633,417,66,499,296
483,269,167,523,176
507,237,198,475,148
360,217,357,115,375
492,284,489,267,476
705,238,267,479,85
440,182,362,48,403
477,407,373,538,464
514,178,48,444,234
619,234,28,541,43
988,380,221,564,192
914,728,216,667,113
467,374,464,489,427
482,237,147,498,188
406,281,411,300,490
471,205,156,527,130
429,340,385,202,364
352,178,382,211,340
439,217,89,563,125
405,192,386,199,312
645,253,183,464,203
473,209,524,159,433
456,336,236,560,266
701,361,153,407,47
492,311,28,495,208
923,604,262,656,183
399,236,419,82,425
460,180,151,464,272
445,243,58,422,37
479,194,103,471,111
384,229,555,72,442
467,174,174,484,33
540,412,238,493,140
399,206,63,457,195
637,461,151,475,124
596,271,174,461,152
450,323,174,407,207
681,322,278,618,38
837,312,22,496,186
691,282,86,523,60
353,142,170,479,88
820,612,178,633,115
405,232,483,182,365
568,235,16,414,281
355,252,454,56,355
738,349,191,495,45
660,401,164,446,182
512,255,476,263,610
446,157,42,458,162
548,359,217,516,275
503,320,363,473,492
401,284,365,146,489
356,170,200,346,187
363,189,461,2,459
581,233,120,461,220
512,417,207,465,173
575,296,176,616,261
617,352,215,564,241
668,528,219,373,230
484,301,108,408,191
510,229,104,540,218
544,310,204,395,117
695,284,235,591,134
542,225,168,490,275
479,206,144,377,250
377,117,539,160,408
545,364,506,103,535
889,699,223,689,252
917,320,151,542,251
673,224,381,487,323
612,356,219,550,287
563,305,219,588,186
697,418,99,566,147
641,299,118,644,238
606,219,205,531,148
686,296,34,441,85
379,314,168,468,147
860,504,267,493,151
276,132,186,483,239
756,638,164,131,250
825,317,233,593,62
489,465,550,414,555
456,151,207,598,165
364,202,551,10,450
411,217,411,232,536
1021,411,145,579,227
356,153,395,280,397
398,238,519,155,458
401,263,318,379,462
367,273,430,280,393
385,262,473,311,513
479,311,228,575,262
1001,380,222,461,277
526,271,18,391,219
791,527,334,491,192
357,107,419,87,429
399,222,488,285,432
485,351,325,479,167
431,184,427,56,295
487,485,287,446,172
863,405,227,512,252
739,371,85,462,119
679,709,327,243,328
443,281,396,156,161
652,232,169,303,212
380,235,394,151,432
595,357,108,434,185
604,244,147,429,135
411,280,611,202,397
501,209,73,336,166
381,174,291,23,439
491,243,30,420,212
377,298,246,559,269
386,192,136,481,146
404,211,359,285,457
488,263,63,585,93
779,513,284,544,245
779,423,75,463,117
1005,525,296,618,209
316,97,229,473,191
491,361,447,215,327
496,205,97,395,276
709,267,182,465,73
725,349,181,565,97
325,190,129,318,75
539,308,444,38,466
364,202,489,120,307
430,275,384,159,378
399,257,308,240,489
500,202,155,501,216
498,298,109,529,159
392,149,448,157,470
961,582,253,583,292
503,289,169,487,188
780,302,128,490,266
404,205,98,534,150
439,432,471,95,463
377,242,236,476,32
532,380,382,525,336
261,87,400,233,294
330,268,386,106,515
377,295,399,166,476
545,289,229,443,75
291,115,231,108,341
462,184,212,387,183
639,358,214,502,148
626,250,236,478,93
658,277,159,380,105
347,116,481,80,459
547,222,55,490,222
772,370,240,509,208
415,294,279,189,399
748,429,105,457,219
554,312,224,527,205
633,373,121,564,242
327,149,473,353,361
501,158,192,549,242
491,311,421,153,541
302,182,391,209,409
756,417,271,509,191
735,488,421,405,514
565,266,26,454,178
366,222,412,161,370
268,124,537,87,384
515,261,167,459,44
365,217,377,265,356
350,196,412,316,528
465,386,512,55,388
690,413,195,619,3
522,138,125,476,105
377,107,289,105,365
756,619,242,500,143
338,208,438,265,408
491,138,256,464,249
508,287,192,647,266
330,162,366,171,439
515,184,158,503,148
399,172,460,91,439
599,388,135,536,82
263,91,76,424,140
396,203,442,13,413
463,452,219,545,81
267,127,366,487,250
503,208,91,485,80
474,246,76,499,92
831,330,283,516,176
670,333,232,491,202
410,191,404,236,394
387,230,420,132,333
815,331,177,572,292
427,433,184,461,259
429,283,355,299,518
950,706,244,625,284
388,225,109,477,63
598,232,224,570,87
580,190,202,456,257
493,160,450,115,469
495,183,83,561,219
418,189,581,278,387
394,342,118,535,261
468,202,155,437,129
365,181,231,498,111
605,369,174,497,116
616,292,168,487,92
683,282,83,463,191
680,309,151,410,247
402,255,432,304,445
664,297,61,509,118
321,183,410,116,392
578,381,220,573,162
582,278,149,356,305
696,202,189,425,228
738,384,56,438,80
434,235,198,519,90
358,170,249,517,265
534,320,205,569,96
461,223,166,510,142
320,207,423,281,493
403,181,452,111,437
959,711,411,605,365
557,465,86,524,267
495,400,374,210,449
677,401,195,385,301
396,187,507,123,428
698,410,246,502,250
569,199,263,461,187
627,262,167,504,176
508,323,193,516,264
378,311,455,149,440
409,204,342,510,257
722,288,150,471,217
553,368,199,604,266
867,469,234,556,261
651,237,93,586,170
458,332,237,551,281
429,144,502,214,395
671,280,255,472,184
453,292,481,183,489
403,219,156,404,274
637,93,79,429,268
756,682,137,588,159
407,238,410,301,478
553,309,262,551,208
363,197,417,229,407
438,181,300,175,459
586,230,42,381,169
426,287,387,73,553
685,258,51,437,194
413,136,599,49,400
444,293,97,503,60
486,260,168,376,96
535,525,598,440,545
731,412,197,578,178
740,560,248,547,192
457,258,178,452,275
595,318,104,531,208
643,276,147,448,305
410,192,99,501,202
634,228,187,469,93
529,166,199,493,317
485,204,109,397,285
588,267,28,568,171
403,215,367,263,404
335,261,421,486,410
593,248,89,455,219
514,277,136,595,171
366,193,304,180,412
467,270,238,481,122
440,242,503,194,439
707,314,317,511,411
417,337,402,149,424
374,164,394,152,536
459,231,86,448,196
769,612,239,563,294
791,461,428,557,346
559,258,141,484,140
952,469,269,525,316
950,472,305,547,190
366,198,434,176,372
412,170,151,495,184
348,299,288,137,254
654,402,240,565,18
378,233,537,122,312
872,457,248,555,180
352,230,416,348,375
315,136,158,41,124
536,278,241,454,58
496,509,301,611,312
415,296,410,33,362
544,270,351,453,313
359,180,421,1,453
793,382,287,478,243
653,338,187,538,256
838,342,168,545,197
633,234,112,426,77
404,299,348,114,443
562,329,59,471,275
428,194,211,482,287
338,210,173,454,192
654,279,178,587,67
563,333,312,672,241
331,158,344,14,404
524,348,34,556,231
447,239,359,292,421
666,551,142,561,218
447,260,146,411,175
577,183,195,359,80
434,238,403,164,491
632,298,156,439,265
396,310,302,561,262
535,284,232,578,233
427,266,119,424,262
789,361,183,428,217
534,340,271,446,219
486,245,194,462,261
412,230,91,551,137
442,346,208,482,144
468,262,156,505,76
556,318,4,542,81
452,157,423,105,476
717,270,263,577,198
497,238,14,477,247
479,170,40,522,233
519,207,26,482,153
609,248,195,503,247
633,359,76,549,172
558,216,208,566,142
432,278,270,486,109
786,509,452,549,429
273,190,380,322,295
638,226,164,325,39
633,250,171,460,265
403,222,443,141,436
546,243,92,428,116
618,364,346,188,339
661,383,138,368,211
436,208,109,344,168
275,89,105,468,143
600,568,280,632,176
685,387,126,557,172
729,673,548,508,532
446,306,392,352,406
390,209,458,83,423
498,246,119,378,265
303,185,266,53,143
593,392,279,541,88
375,278,64,60,167
352,238,181,215,153
392,250,498,14,326
456,189,207,473,201
407,196,116,515,253
315,241,215,498,239
579,575,155,545,24
418,169,426,36,238
477,389,507,55,433
269,198,314,246,324
512,342,136,559,120
378,204,237,415,213
324,74,138,437,172
591,408,200,553,220
452,191,241,300,220
458,339,172,407,183
670,284,216,378,146
547,229,157,437,184
405,221,450,300,486
428,288,115,197,497
601,282,217,410,244
540,230,261,501,249
585,290,48,592,310
415,175,97,185,252
717,261,183,538,197
399,232,173,486,198
497,237,71,571,157
334,148,335,253,273
270,137,228,560,144
349,177,372,46,305
619,334,225,432,269
446,199,151,495,144
686,460,160,480,144
566,229,21,446,290
668,257,236,543,121
365,220,305,254,401
651,409,129,597,201
306,112,234,184,375
669,302,213,494,18
641,291,220,451,258
368,199,419,166,320
423,260,397,42,362
588,409,41,596,118
817,492,228,463,126
413,264,69,386,238
448,223,43,561,213
585,529,361,221,417
564,253,61,442,168
467,200,49,450,212
601,223,134,512,179
391,347,296,154,399
495,244,87,434,215
517,308,174,552,288
438,332,133,462,299
412,186,300,463,127
716,346,100,443,226
358,190,213,381,64
552,251,157,603,254
440,290,187,528,223
424,409,233,545,292
759,603,223,571,242
342,166,337,226,403
794,380,216,502,134
530,330,464,477,382
352,183,198,442,269
400,292,151,462,126
476,334,228,552,218
698,477,189,477,273
462,251,331,265,499
468,254,239,380,275
906,507,184,598,155
359,245,381,80,385
761,260,235,584,147
466,305,240,577,201
768,445,65,584,254
876,299,274,487,286
648,317,111,454,28
512,254,169,551,140
531,175,204,523,165
819,523,190,440,248
620,277,64,525,169
374,171,337,112,407
607,369,210,452,203
605,244,205,548,5
455,407,247,415,259
538,266,221,550,216
303,50,303,156,236
533,257,140,447,144
702,409,257,566,142
569,257,192,541,214
911,411,89,466,245
430,161,117,330,256
401,203,521,126,447
521,440,125,401,176
445,135,36,356,237
490,304,446,133,427
725,493,260,495,172
463,228,230,443,145
480,246,76,492,112
651,350,313,461,274
774,301,158,393,180
686,320,205,552,46
397,282,217,452,45
481,236,482,230,354
674,287,116,545,321
452,216,438,157,459
637,297,198,615,284
712,314,137,558,231
403,196,158,515,165
481,314,220,486,199
435,231,119,574,226
495,230,299,451,169
484,373,7,485,109
557,399,155,591,151
624,237,95,421,211
541,565,454,71,113
460,257,447,146,182
475,259,449,141,477
349,176,383,201,337
365,189,377,254,371
438,165,496,51,429
281,79,72,412,94
397,245,404,298,453
555,330,162,511,154
586,394,168,569,85
450,457,173,571,307
807,457,229,556,205
430,115,557,171,407
285,93,418,109,335
516,507,182,465,151
821,253,187,529,170
837,417,243,554,325
389,172,386,63,443
338,147,377,126,410
540,312,272,587,100
362,271,124,446,228
484,155,419,183,410
356,242,391,538,343
610,272,205,491,118
550,299,193,546,171
737,233,37,481,246
328,277,494,443,472
821,342,178,421,147
428,205,120,480,185
707,380,267,644,11
374,228,459,46,458
392,206,478,203,391
464,448,173,566,87
522,280,28,508,243
440,357,34,408,54
399,147,103,476,84
329,138,507,221,431
484,211,196,544,315
481,271,180,481,97
415,172,31,547,255
661,326,192,511,145
515,398,165,517,60
661,251,239,554,103
565,210,90,484,232
660,266,130,486,260
374,199,377,16,438
406,199,353,155,432
688,731,395,231,340
285,169,281,491,279
437,380,452,286,458
690,318,116,547,49
457,227,97,490,236
455,193,140,503,313
394,145,398,78,388
509,428,207,453,58
577,372,283,467,298
436,339,586,229,431
479,212,52,403,245
449,176,175,339,113
731,396,102,167,102
543,148,178,452,207
718,279,269,435,344
901,794,236,590,154
617,279,274,551,62
781,295,207,529,175
682,517,96,533,275
647,587,89,557,194
740,293,236,359,113
559,333,111,459,269
390,242,421,32,418
548,271,219,548,178
438,280,303,465,273
403,174,299,538,373
572,381,268,538,294
579,257,165,511,109
396,268,413,284,448
447,291,241,562,222
548,320,240,520,15
462,186,247,479,194
801,336,274,529,164
497,325,362,240,416
553,249,1,458,197
1007,545,261,647,174
559,195,147,400,162
381,131,141,393,99
714,368,273,512,225
542,327,238,431,153
247,156,160,504,188
798,851,592,523,569
733,695,220,263,252
658,399,237,581,217
682,404,200,535,197
445,254,86,480,215
931,410,90,536,211
355,165,364,262,384
564,367,208,524,139
362,176,385,167,312
538,225,187,411,305
726,309,88,549,181
363,172,159,382,141
477,266,239,591,174
800,552,213,643,320
432,278,122,464,232
413,198,427,87,347
648,375,157,485,232
796,306,167,492,187
435,140,135,480,167
393,202,132,508,185
442,186,240,416,179
537,298,146,472,216
1014,461,266,622,135
424,307,424,147,528
773,431,331,593,63
374,335,520,126,379
318,237,128,463,330
630,244,182,468,265
473,259,6,473,15
794,445,162,599,120
430,274,401,412,510
519,241,108,338,154
824,757,597,508,545
552,316,12,459,222
317,142,465,116,434
398,198,387,381,491
433,299,151,438,312
363,236,471,216,463
655,176,216,480,64
385,150,116,377,182
470,383,202,624,236
519,411,116,525,101
427,219,34,542,208
457,283,7,474,187
355,123,300,444,259
361,279,201,491,140
363,99,27,386,213
261,172,336,310,234
337,290,141,531,210
401,280,433,205,483
562,173,146,162,195
252,121,132,511,100
393,205,350,78,450
531,195,184,362,189
250,117,321,23,412
512,161,115,446,219
581,283,189,565,39
493,281,297,596,228
401,284,437,3,450
376,213,131,594,198
666,238,112,437,210
530,281,204,555,210
315,96,452,104,442
550,291,188,509,288
471,180,167,454,247
472,304,213,445,322
504,330,297,661,74
381,171,201,489,162
500,154,11,428,138
394,250,503,216,501
594,298,150,591,83
424,217,471,214,485
281,136,253,495,240
546,211,255,535,193
491,190,63,492,141
443,289,474,96,429
546,381,196,382,253
534,253,61,553,94
423,282,424,318,515
465,274,278,428,226
512,279,236,187,326
438,196,183,529,124
374,82,456,97,406
619,226,273,519,128
432,203,198,338,21
486,328,254,553,203
547,369,228,415,160
297,145,422,255,424
629,264,207,553,175
603,258,164,307,291
840,513,220,666,25
401,157,492,8,405
357,212,310,65,365
780,303,225,588,247
558,231,199,594,232
531,284,120,408,114
620,342,44,551,189
855,432,247,516,142
545,260,147,508,125
864,452,184,577,326
666,297,51,585,160
532,419,224,434,18
442,172,99,537,220
740,908,620,501,548
422,236,264,42,326
655,431,55,444,278
356,235,217,570,211
525,211,176,504,156
638,475,230,546,171
562,277,227,180,223
252,112,453,122,342
622,360,71,608,212
599,256,87,538,211
564,256,153,538,250
421,203,316,183,226
632,260,290,517,290
407,287,588,24,455
423,175,381,507,209
557,291,38,396,261
826,316,290,624,198
414,225,83,402,139
837,621,220,539,306
422,234,374,461,321
675,350,205,469,146
692,439,250,442,117
567,596,507,351,438
686,271,233,490,161
524,262,98,537,259
429,351,198,523,205
277,169,167,133,60
621,297,44,553,171
896,325,241,454,252
368,118,509,216,415
584,502,162,557,111
252,155,122,456,165
274,143,130,494,73
475,165,131,490,115
636,430,131,525,206
408,294,395,120,382
680,503,222,543,182
554,267,255,476,157
514,213,121,157,244
648,228,280,550,158
557,290,144,480,7
510,156,99,470,221
395,223,172,577,98
816,481,113,581,293
756,598,217,228,208
581,263,217,543,188
828,545,83,583,9
424,259,578,121,369
881,307,195,547,171
462,209,120,348,199
346,156,199,468,23
548,187,81,472,65
627,290,90,549,151
759,417,188,641,71
686,423,224,520,90
479,186,134,498,171
704,276,46,480,210
396,209,386,136,277
333,66,439,127,391
419,286,157,560,199
550,463,239,494,42
260,150,235,169,234
370,112,421,228,308
750,416,45,256,222
476,270,201,574,199
545,198,119,434,237
464,255,91,471,268
318,166,121,485,63
336,118,140,392,126
392,262,397,54,470
385,268,553,103,386
578,218,180,472,125
438,184,72,520,138
764,790,256,664,288
758,418,269,610,190
434,263,119,465,146
646,272,358,463,330
794,452,254,604,89
310,241,512,389,454
452,216,82,489,316
335,182,257,484,177
433,234,201,455,276
646,412,176,519,286
512,315,188,542,263
438,179,188,540,213
463,284,353,303,432
499,261,279,473,294
491,157,161,431,190
683,492,52,550,293
544,268,169,563,214
397,265,389,362,403
501,220,256,542,216
315,200,194,470,135
501,187,66,397,295
408,122,486,12,369
451,168,195,582,38
497,346,347,410,482
694,319,168,538,53
544,266,217,424,267
384,151,510,102,420
609,335,32,575,131
448,329,534,246,434
690,229,1,411,23
676,245,54,401,136
428,307,450,181,405
340,159,401,23,397
501,237,293,549,190
470,253,250,565,111
652,328,199,466,27
560,195,133,388,274
344,281,425,160,368
654,272,194,481,200
616,310,175,553,230
952,346,219,390,247
515,312,97,382,34
486,280,93,530,154
747,377,349,419,82
495,256,229,393,78
600,439,115,619,48
661,372,238,556,39
463,240,91,499,226
595,433,103,467,208
573,315,160,485,195
503,275,130,464,120
948,424,270,646,157
714,347,249,158,281
908,352,143,527,212
350,314,473,343,436
1020,584,231,605,239
364,254,611,229,288
360,177,348,132,409
376,184,195,576,205
457,297,450,222,431
568,347,252,485,111
389,302,337,246,148
321,112,462,45,435
1001,644,143,483,106
555,235,90,534,161
618,376,151,549,127
793,355,206,510,259
735,827,338,301,290
782,433,223,604,228
448,287,148,455,166
774,312,181,391,265
799,363,114,472,160
483,351,231,541,175
744,376,278,638,195
521,263,254,424,109
415,152,363,214,520
742,590,138,538,192
451,325,148,432,102
850,384,228,527,189
612,322,226,551,129
372,205,136,438,42
468,252,438,5,414
302,154,373,20,496
644,268,140,570,172
366,141,429,171,372
672,264,210,518,143
542,188,214,235,99
512,325,64,543,124
389,198,380,220,469
551,444,320,307,258
494,130,100,449,77
613,284,104,492,261
754,434,258,648,140
468,272,489,243,510
896,717,467,326,432
310,102,353,105,342
859,519,216,565,115
476,254,36,476,225
642,258,147,465,151
405,144,89,317,148
375,202,469,166,402
498,334,172,476,270
876,568,232,600,279
415,213,146,509,236
891,379,268,499,248
440,295,147,527,284
485,254,83,574,176
617,346,246,603,288
649,412,257,546,176
554,266,118,496,249
772,611,33,522,205
453,363,279,431,276
954,524,193,626,144
411,374,296,564,9
617,375,246,565,81
512,260,117,497,167
520,289,35,462,117
476,310,16,522,210
404,377,139,458,132
500,224,8,503,63
502,240,188,530,175
688,320,72,519,100
665,446,32,593,223
426,272,394,138,379
548,315,253,529,105
453,331,354,390,376
546,252,213,459,239
395,268,421,101,416
587,337,134,537,46
440,201,94,380,188
569,162,122,544,249
371,219,437,180,385
503,379,137,546,166
520,340,193,494,176
580,286,206,512,224
454,216,468,172,317
829,413,297,458,217
591,290,183,598,69
301,99,396,118,467
442,195,429,262,392
682,282,147,566,45
506,254,191,529,208
594,285,266,456,219
278,124,243,392,220
865,401,225,582,332
406,295,159,494,208
422,309,227,608,304
464,134,570,159,358
643,192,155,445,181
674,254,237,489,185
308,217,145,123,178
551,314,105,387,88
527,214,239,514,103
646,327,68,315,168
872,573,309,591,273
638,272,45,445,273
575,342,58,464,270
514,277,170,490,208
314,82,417,100,305
707,287,275,600,185
526,183,18,368,64
587,391,20,570,278
614,363,223,546,264
507,232,131,398,178
420,230,134,513,103
281,128,364,518,304
659,329,156,399,254
655,301,223,512,176
511,332,268,413,219
647,338,123,481,224
633,319,68,447,33
532,179,149,458,170
466,197,417,201,292
622,220,163,453,204
499,264,182,445,139
333,108,569,198,467
333,188,301,470,249
534,309,113,503,159
566,272,236,515,174
338,162,423,140,363
591,307,163,456,184
532,197,26,476,104
412,375,532,428,496
629,288,233,571,12
681,265,148,456,164
360,152,226,386,32
396,307,448,44,446
391,299,461,82,429
395,182,151,501,182
355,76,516,77,459
684,266,246,523,109
693,520,170,166,119
462,222,93,462,268
715,251,187,501,252
582,268,175,336,114
518,248,213,496,240
599,264,242,518,140
529,294,13,472,72
1020,533,142,574,203
396,254,204,430,176
682,334,64,533,217
427,304,390,401,463
580,267,214,552,257
686,820,461,321,382
431,192,217,71,416
425,359,394,291,307
791,299,190,457,206
586,303,164,388,126
401,234,380,163,451
824,588,142,478,296
360,157,374,197,453
781,317,220,583,73
499,246,49,446,7
668,409,150,443,250
501,149,2,374,107
636,435,202,488,259
361,217,181,638,164
594,303,246,605,33
344,221,314,109,458
585,355,202,28,257
393,186,183,465,234
736,329,79,478,140
640,408,230,526,239
351,126,353,22,425
363,156,429,130,348
566,308,172,548,158
532,338,463,66,476
346,217,410,23,28
459,187,23,500,139
412,336,385,347,375
751,614,291,661,255
710,533,231,551,94
697,480,245,578,38
419,174,227,174,406
509,224,110,403,238
471,224,138,510,219
317,141,414,89,414
399,141,34,476,171
500,302,138,467,195
468,235,190,580,281
657,669,557,513,491
603,293,193,486,21
369,219,402,247,451
775,331,171,493,115
558,300,174,524,227
450,418,242,525,181
461,220,167,302,97
495,226,143,437,298
567,286,133,585,312
478,195,221,589,222
635,354,228,501,82
468,184,97,503,108
665,565,132,590,288
357,158,214,304,200
925,615,240,594,123
563,252,143,527,185
436,228,51,473,311
469,320,33,395,107
382,129,17,305,238
605,333,8,446,182
586,262,177,544,126
359,302,482,187,496
416,168,260,407,137
537,357,287,328,306
555,253,183,508,222
597,381,227,604,147
731,260,161,525,239
308,112,481,124,411
542,294,158,386,285
637,256,214,510,207
435,251,576,7,424
770,528,186,543,105
266,76,307,311,222
603,289,236,464,201
405,283,377,94,436
873,906,253,378,174
376,224,196,504,191
373,267,57,426,202
351,175,335,267,408
684,320,149,517,273
371,130,214,436,93
710,293,216,556,137
540,282,181,503,254
364,192,437,148,454
478,240,18,422,155
344,194,211,499,177
360,173,426,6,397
927,573,128,601,107
389,162,577,172,397
649,371,107,496,198
556,442,155,564,277
338,183,51,522,215
431,307,428,101,518
626,623,233,505,251
404,250,352,108,350
505,218,210,465,137
344,142,462,163,557
491,284,296,480,228
508,336,174,547,256
386,225,353,111,376
604,301,199,571,2
474,278,116,493,290
387,344,183,487,89
459,381,234,552,273
734,352,158,586,183
654,246,212,487,199
501,245,42,545,41
423,284,393,167,447
411,262,188,513,273
463,237,520,293,486
595,242,455,71,436
447,314,3,567,55
587,247,250,528,250
522,282,124,474,193
547,293,208,426,208
541,490,160,501,167
735,423,167,592,180
371,191,241,69,209
446,296,174,511,235
385,154,145,380,112
612,426,321,581,245
351,159,356,89,421
543,197,174,530,88
574,228,102,479,47
412,250,379,166,360
493,150,13,419,22
418,255,428,55,439
386,202,365,86,437
788,308,267,478,276
603,407,240,515,14
490,418,176,468,151
454,159,69,467,87
358,105,439,23,406
328,152,395,67,448
440,303,383,387,447
510,311,53,434,245
529,263,53,539,182
419,270,420,182,459
644,259,167,444,274
686,300,269,518,49
630,560,172,511,243
373,350,136,492,108
545,280,240,492,169
884,496,236,533,162
344,97,485,93,448
556,206,154,353,218
639,314,81,455,76
441,162,44,548,118
396,353,484,375,390
586,445,146,567,24
421,187,252,405,256
484,227,220,571,159
575,296,134,469,221
607,218,192,472,200
467,243,248,524,143
629,299,137,574,219
477,218,92,428,229
442,222,211,404,268
488,210,132,488,87
386,233,243,181,222
947,388,253,554,28
685,413,180,582,184
514,299,206,445,304
551,310,207,478,276
647,400,165,622,223
370,144,263,41,268
759,354,249,605,116
396,141,459,79,341
594,257,183,434,231
797,654,609,436,545
364,205,151,429,168
540,191,84,532,54
547,559,430,313,503
706,326,255,571,178
523,276,225,540,245
535,188,87,499,107
876,901,453,385,385
626,219,242,467,139
536,206,191,430,47
594,370,388,488,274
518,221,48,506,76
639,334,167,568,84
452,279,215,552,32
590,240,175,486,226
474,239,49,412,174
362,270,195,431,105
614,338,221,623,131
800,598,156,599,110
514,367,132,532,100
777,414,309,595,94
370,253,234,91,404
470,315,169,355,142
394,158,103,536,225
522,246,43,547,168
400,234,420,166,462
802,473,141,548,142
523,173,170,441,210
702,561,304,618,141
577,215,49,370,243
555,321,257,498,95
645,331,238,418,302
620,335,234,584,51
311,99,494,151,392
641,389,273,614,104
433,218,427,309,434
919,502,246,557,306
741,370,231,619,233
316,166,449,28,311
359,235,114,416,239
448,336,128,423,299
493,274,442,61,329
898,867,521,485,459
477,147,73,443,247
363,170,23,254,178
751,512,162,594,277
390,160,300,582,272
394,202,651,169,435
506,292,282,580,299
520,258,83,420,257
741,504,251,588,168
550,236,72,489,152
437,206,315,185,372
525,353,247,530,114
375,177,349,520,116
293,117,447,179,484
931,819,284,535,289
349,129,422,15,385
371,249,172,576,295
424,182,464,52,458
649,294,234,554,180
461,254,323,478,225
266,79,385,154,382
499,263,190,556,227
351,181,452,77,313
561,339,154,532,200
655,220,176,557,337
547,515,73,453,227
626,464,157,496,171
413,209,467,135,563
910,392,248,534,111
351,140,445,104,333
612,389,167,461,23
572,145,150,477,166
423,190,204,407,141
373,96,157,335,256
553,289,204,626,213
626,410,187,584,59
637,451,195,615,10
542,429,317,232,528
491,346,251,496,71
332,160,185,493,49
804,496,291,541,299
458,447,217,468,289
545,250,87,516,197
616,408,85,589,73
391,209,291,115,459
683,657,308,199,464
471,282,31,561,283
371,284,50,484,148
598,398,253,473,89
421,237,534,158,472
903,520,211,581,293
625,307,158,488,320
494,204,19,508,145
462,245,388,302,405
320,133,372,95,444
646,262,320,447,261
703,158,190,457,267
444,266,202,582,17
620,417,217,469,123
580,296,135,410,165
727,296,281,586,265
601,290,286,512,287
502,313,111,475,70
829,454,257,581,176
630,211,218,503,124
433,385,42,438,196
382,230,319,214,416
912,475,218,558,254
369,240,189,457,54
542,282,203,497,286
406,170,345,227,500
396,244,368,110,313
697,461,168,640,232
489,245,466,126,468
410,276,271,465,182
602,615,568,438,505
388,224,444,179,338
625,233,118,460,183
591,223,158,523,58
538,376,485,146,414
654,295,172,609,31
348,127,380,95,347
423,203,294,81,366
297,130,382,165,384
701,289,214,542,105
847,475,151,500,282
372,122,443,163,474
390,330,447,108,465
525,221,184,528,205
734,435,371,590,204
512,392,349,532,236
565,180,145,445,26
619,328,83,480,221
405,226,477,115,537
544,342,166,526,179
762,909,392,365,217
540,267,114,456,187
371,189,200,180,453
411,225,333,40,481
472,318,224,449,95
581,271,227,546,187
490,214,241,572,195
424,144,280,517,191
568,263,219,507,221
1001,701,304,723,55
389,215,448,156,494
465,221,108,541,227
362,212,302,143,406
537,242,36,531,169
1022,441,279,487,253
386,212,256,43,347
623,272,251,430,300
314,176,90,274,193
516,270,237,552,235
507,208,80,503,183
888,272,203,463,232
426,214,208,571,223
691,338,121,500,124
471,181,148,301,237
523,317,245,411,276
402,172,256,577,282
656,489,146,550,162
643,231,110,442,95
631,324,233,596,150
365,166,371,171,486
400,199,131,526,145
660,297,157,548,7
314,244,206,516,169
628,665,594,497,615
679,434,137,574,174
280,123,264,519,137
472,127,48,351,128
653,314,109,486,190
476,215,157,578,92
341,186,156,450,232
647,321,248,507,97
594,190,174,459,80
359,251,511,260,493
792,373,199,537,250
633,333,244,523,248
243,162,394,565,283
465,224,31,369,5
509,228,124,492,214
554,250,103,430,237
594,255,32,311,160
441,301,338,242,494
685,374,330,577,248
761,527,344,615,296
343,115,341,93,454
641,235,184,396,220
561,330,170,539,313
634,307,97,399,235
363,259,323,151,268
501,320,149,539,116
447,283,212,507,73
451,159,422,103,369
485,354,476,26,461
546,335,238,559,271
276,146,396,80,425
726,278,553,99,426
322,164,295,338,260
342,130,97,509,241
512,163,227,459,268
490,385,184,462,259
527,462,204,436,264
404,190,437,101,362
431,224,351,27,380
491,383,71,388,163
248,121,290,472,300
797,531,209,514,236
535,248,244,612,189
320,260,353,436,162
432,169,40,425,80
412,255,431,313,466
404,296,84,366,161
480,265,191,362,75
797,488,184,610,244
538,611,581,467,550
670,245,119,461,103
566,177,33,441,77
527,245,127,420,167
569,341,103,506,112
394,158,531,161,364
587,279,38,457,134
445,256,97,502,187
419,188,82,486,106
387,150,123,416,63
824,517,84,528,126
507,324,93,440,92
470,364,161,434,170
399,263,427,152,464
459,269,57,557,220
539,272,203,536,81
963,334,228,472,237
274,104,229,405,32
416,199,171,460,280
357,167,35,420,217
786,341,129,481,195
410,220,103,335,189
248,109,336,305,327
382,248,92,603,200
466,223,126,551,177
468,226,150,478,46
430,199,548,259,385
478,221,167,464,64
676,294,116,471,55
681,268,235,607,174
550,350,117,494,265
439,201,472,120,504
395,203,449,353,469
463,402,357,534,307
889,347,268,431,258
479,233,159,432,94
337,202,562,195,493
738,300,169,448,256
541,435,191,533,197
753,470,239,174,272
704,392,302,595,252
578,208,122,538,247
308,141,442,45,391
639,608,359,562,317
979,815,280,669,191
351,219,346,196,328
419,221,146,490,187
693,410,165,456,274
292,111,109,353,193
683,511,171,440,155
424,337,244,418,169
526,296,428,250,489
307,251,173,297,123
520,188,106,452,137
533,250,195,441,111
338,213,517,84,422
652,262,268,498,332
538,245,116,504,75
356,192,441,192,476
538,208,162,437,234
959,633,268,572,302
443,244,157,477,176
619,172,179,410,280
454,328,384,230,465
543,277,224,429,37
387,217,111,474,252
540,262,163,542,177
572,226,122,576,248
460,215,282,461,288
566,293,110,428,98
405,192,117,498,252
457,150,21,442,229
638,360,29,482,171
573,238,170,468,254
437,268,430,214,435
640,382,138,600,102
502,364,155,580,68
496,237,82,587,137
998,414,313,639,303
510,134,190,509,49
567,422,162,496,89
635,206,143,497,14
346,162,485,186,442
663,334,115,430,76
398,218,393,203,463
621,301,218,540,72
437,224,70,526,215
605,434,313,477,303
468,181,35,553,3
523,255,242,532,209
498,265,227,464,215
513,193,68,567,137
770,399,171,557,81
307,177,289,511,262
400,265,150,277,210
607,369,179,408,276
537,316,102,468,194
599,447,149,444,222
649,352,201,537,27
471,214,171,425,148
564,254,219,406,201
557,280,195,450,195
730,260,272,505,226
477,292,226,511,251
621,240,77,524,126
509,268,447,129,454
422,252,401,110,181
503,391,251,532,89
401,187,223,421,298
565,176,199,390,248
385,178,427,187,271
371,250,475,414,391
302,197,287,469,257
474,297,247,492,228
492,346,115,475,115
493,354,25,589,94
374,253,246,538,259
503,262,202,539,105
834,359,224,594,282
328,272,427,67,411
717,318,234,511,232
716,334,61,536,103
306,124,224,527,80
511,270,144,486,161
735,226,143,607,267
531,237,204,587,179
447,208,205,616,283
501,354,405,174,393
706,688,68,458,291
489,249,196,601,202
586,262,166,565,124
634,303,127,538,282
409,203,336,111,321
465,339,248,563,60
746,315,184,562,132
404,266,475,279,507
467,368,250,503,285
548,197,111,528,175
441,182,253,296,419
571,299,227,505,70
413,354,245,496,24
379,215,435,63,377
477,201,138,507,147
529,158,44,449,141
325,109,440,89,407
758,552,160,447,216
401,187,575,194,337
332,170,22,398,239
552,189,119,374,90
680,221,147,454,157
639,324,296,602,18
386,222,166,479,36
542,205,288,496,180
389,215,171,531,305
426,171,135,496,194
338,84,427,225,336
465,329,569,258,529
334,236,134,476,1
417,275,446,36,426
411,241,333,130,486
463,262,534,239,430
495,235,135,470,273
340,209,435,203,429
468,273,368,88,402
487,169,199,416,230
570,181,212,453,174
565,334,63,489,176
642,380,286,508,129
672,329,125,509,227
949,716,210,584,222
529,450,108,450,62
485,393,140,478,210
631,356,191,553,261
560,369,219,546,46
628,217,134,464,8
408,135,166,285,222
542,315,236,515,284
621,250,130,513,208
517,328,55,511,157
379,83,570,126,473
802,775,235,600,261
582,308,257,551,56
632,257,156,576,75
819,649,272,525,327
1021,735,272,651,38
462,175,157,579,152
829,833,439,552,352
682,369,66,608,121
515,333,271,471,271
468,405,333,581,214
709,379,260,532,187
677,287,134,499,60
237,135,357,451,409
570,246,280,510,272
456,284,194,553,34
387,305,189,513,237
279,201,295,68,276
327,263,453,336,395
392,243,381,160,404
655,375,235,359,200
725,382,232,581,160
649,254,97,505,282
644,360,205,467,172
454,115,456,197,432
330,158,260,476,122
682,290,124,520,119
472,225,225,511,263
409,172,185,492,27
699,457,166,637,163
369,251,27,544,207
359,148,458,168,455
515,184,97,463,12
385,251,179,524,288
486,176,96,467,45
776,340,227,471,253
386,194,422,201,352
453,265,556,49,489
561,422,155,34,267
747,336,73,592,337
509,316,179,532,112
370,173,438,122,481
451,306,208,497,132
850,464,279,599,304
630,360,33,431,225
467,216,64,543,181
611,298,237,533,233
599,263,226,522,76
345,121,446,3,449
553,247,181,413,217
557,330,264,509,305
730,555,95,482,244
843,721,524,611,511
552,304,298,435,258
629,292,226,577,194
543,217,240,551,155
329,125,102,498,256
680,370,223,509,219
823,663,315,644,136
399,290,381,240,491
504,324,307,31,383
394,215,430,256,348
941,503,274,623,284
491,268,152,494,103
583,315,259,582,174
497,391,152,511,191
871,517,253,559,107
451,323,198,465,87
486,178,405,169,469
455,282,466,244,449
381,136,462,116,379
869,534,218,623,185
859,482,209,606,141
796,283,191,579,260
569,197,151,588,232
430,340,328,145,371
598,302,127,527,215
249,124,546,189,385
465,463,364,533,347
477,246,181,471,252
898,860,488,573,467
446,218,159,486,131
618,228,239,378,169
410,246,430,229,449
359,216,479,132,323
269,117,218,461,148
413,313,204,576,114
659,353,198,487,267
410,118,119,496,254
530,416,85,543,266
353,99,323,444,231
519,156,237,500,178
398,291,456,149,459
527,271,214,579,124
412,190,447,216,371
477,247,17,537,262
333,124,544,187,403
556,188,140,504,169
301,247,350,136,124
781,453,265,610,71
494,156,398,146,462
649,481,177,533,220
531,223,184,399,219
589,276,148,433,173
827,480,194,493,277
732,572,165,529,140
476,420,318,217,272
986,302,170,466,75
463,287,208,323,91
399,163,5,451,178
577,215,213,494,108
654,290,252,447,223
451,206,1,433,114
534,294,51,512,144
385,270,496,338,570
360,299,550,349,536
328,207,532,340,392
310,207,256,508,209
347,210,348,81,28
543,371,263,518,234
520,428,203,537,221
463,236,198,426,192
353,207,214,490,149
510,218,191,552,159
523,286,181,508,214
566,211,96,474,307
478,293,396,227,374
412,259,563,101,424
385,293,410,329,350
434,327,51,557,260
514,221,184,410,298
505,552,291,371,342
730,251,247,527,237
839,438,193,483,150
536,349,192,516,211
548,206,125,342,36
381,167,119,416,122
358,194,387,112,275
717,456,238,520,276
505,204,411,265,396
539,303,190,551,334
288,139,125,447,317
774,296,220,585,188
563,250,188,463,285
783,288,266,574,223
471,286,105,562,119
567,266,44,527,119
496,339,602,383,469
550,305,300,563,286
806,487,239,590,200
622,266,74,454,268
643,414,187,560,84
503,371,250,508,81
288,117,324,504,88
518,201,174,470,212
504,283,346,281,391
434,303,443,278,450
584,310,146,598,199
653,330,131,572,245
582,440,217,416,279
361,98,126,307,138
673,353,198,623,262
540,258,90,508,167
421,254,111,537,174
526,239,150,397,254
904,404,247,504,193
453,264,222,585,94
553,222,132,422,213
505,213,185,343,30
464,280,126,477,252
538,377,209,520,248
509,248,133,601,100
522,351,478,166,413
744,551,143,576,199
692,243,150,575,52
404,161,353,74,397
493,409,84,409,122
310,102,485,70,300
385,235,326,82,407
358,231,89,364,128
705,391,128,490,150
698,350,179,511,151
495,169,516,5,438
416,292,490,144,460
405,204,582,149,391
628,370,191,506,170
434,269,238,559,71
574,265,170,470,136
502,223,142,507,5
441,249,384,66,388
400,229,571,9,512
391,161,408,156,398
455,220,204,439,161
529,285,157,525,144
957,371,273,630,85
565,390,182,493,131
393,208,243,559,213
559,477,550,471,511
523,318,24,466,259
362,106,554,156,463
711,264,228,481,246
477,260,132,454,9
600,213,157,492,190
640,271,216,506,221
423,295,357,232,321
611,326,125,536,144
339,198,147,492,227
890,876,268,638,221
393,197,391,245,405
724,339,251,496,243
408,196,410,429,487
280,143,492,129,395
665,353,143,500,72
561,266,132,485,45
673,446,228,585,307
519,231,144,468,157
724,434,173,546,109
459,174,185,426,204
707,370,233,506,109
398,362,465,391,443
535,341,137,514,191
538,291,199,533,172
697,335,230,567,218
542,424,138,490,230
348,127,427,76,464
396,338,67,495,195
519,377,169,506,237
1015,540,219,564,220
415,188,115,474,21
363,258,429,40,425
501,362,143,581,215
385,333,167,468,35
699,832,212,188,203
373,141,412,197,419
656,259,92,375,142
316,243,499,401,438
637,354,83,553,185
400,277,128,470,254
545,195,196,441,20
660,255,63,441,218
334,112,504,147,291
622,339,250,418,310
754,898,524,275,410
571,217,236,535,210
420,215,196,461,314
380,209,176,501,245
549,433,166,473,126
384,222,456,285,452
284,139,490,272,454
718,336,128,447,214
754,356,233,650,211
469,502,248,534,14
641,399,71,479,312
650,424,209,608,186
445,141,60,429,208
411,240,199,431,270
634,326,150,609,138
493,345,188,569,222
386,117,497,13,416
473,357,60,367,261
479,177,266,537,307
400,320,333,105,406
504,210,136,455,81
378,272,218,444,313
636,528,480,540,390
415,140,422,72,397
622,188,104,505,188
480,218,123,459,156
590,314,116,482,185
404,144,246,480,176
307,139,424,11,493
767,544,179,629,188
686,260,192,457,236
639,353,182,548,147
696,261,249,526,247
414,235,78,502,108
750,455,255,528,28
824,448,145,467,240
419,212,296,116,388
328,159,511,79,411
391,260,170,363,171
559,346,211,473,126
578,349,212,544,217
310,132,362,28,462
517,190,116,441,3
579,299,90,432,199
672,300,197,583,195
719,582,103,158,104
626,517,218,561,127
433,115,555,193,423
723,377,42,554,61
662,460,179,458,169
415,225,155,366,162
384,155,482,211,424
558,207,192,441,285
439,174,571,123,287
323,208,311,90,339
331,79,433,166,406
328,182,287,146,471
468,156,432,39,447
630,540,242,609,258
372,239,101,518,261
439,193,81,578,268
512,286,123,539,248
690,342,41,466,51
492,311,389,513,297
854,546,301,486,304
692,285,182,614,147
531,207,222,505,99
825,386,223,639,277
321,97,424,271,466
638,283,35,556,18
359,155,349,202,169
584,378,263,541,295
751,264,227,387,191
326,157,280,242,262
483,240,242,398,41
953,552,280,227,286
394,230,448,217,430
309,116,241,38,378
532,230,334,577,229
433,310,464,340,516
748,461,253,520,197
428,115,524,30,552
540,164,192,404,93
442,234,111,543,118
836,414,175,460,227
266,156,390,42,442
710,530,282,399,357
339,197,498,144,496
607,207,250,332,205
443,382,336,4,226
639,242,211,485,133
835,396,146,522,168
667,411,221,565,239
481,212,206,370,296
446,391,490,178,480
595,347,159,573,280
487,272,212,497,189
577,322,18,506,128
486,328,317,593,238
572,416,277,526,267
713,357,189,556,326
760,486,145,34,206
438,327,165,260,44
530,248,136,468,279
365,196,326,34,350
370,209,439,35,408
486,240,319,441,351
730,308,252,531,297
656,411,185,603,79
421,223,382,75,390
476,281,242,580,235
596,236,137,493,275
354,219,336,182,127
345,290,360,125,507
506,306,138,435,126
716,351,232,418,211
505,186,11,408,248
556,285,22,544,282
901,776,236,648,359
436,307,450,219,440
734,254,106,544,132
641,356,299,604,169
301,167,91,459,82
626,387,247,478,254
605,365,172,561,156
454,195,547,61,475
744,427,247,522,231
397,158,468,182,430
416,253,375,102,505
388,149,56,476,204
396,297,472,287,499
532,228,209,546,238
811,425,119,469,229
850,505,262,457,210
578,412,280,473,242
322,212,597,427,455
460,250,186,606,118
356,240,449,180,389
599,154,266,479,184
832,414,246,532,119
857,416,190,503,314
320,166,241,545,169
242,129,330,373,284
326,209,208,535,274
756,362,122,554,255
541,301,172,619,22
612,274,257,562,265
413,299,494,276,524
329,247,551,39,316
506,425,209,488,158
689,202,187,485,163
327,219,237,189,51
785,349,263,567,183
314,210,437,59,464
632,371,152,525,196
820,333,200,501,63
701,667,337,308,336
435,268,493,132,511
629,310,200,593,10
558,217,148,522,214
394,244,465,234,370
941,376,219,504,140
508,244,19,471,172
436,251,369,265,411
345,180,349,97,531
354,176,427,37,425
344,235,111,572,182
569,363,254,585,245
729,766,195,103,279
700,214,64,451,256
539,515,196,443,132
326,132,223,430,235
484,264,646,267,470
570,323,96,520,221
388,240,339,133,416
481,296,513,370,445
468,165,191,470,225
294,133,426,108,504
615,525,300,491,193
617,214,83,371,224
322,116,290,145,483
805,383,151,522,132
652,546,174,596,58
722,757,195,501,184
326,167,325,204,371
501,502,217,451,264
704,277,282,588,53
452,223,175,473,227
396,348,418,97,427
470,312,135,529,33
803,276,179,546,197
562,181,210,537,226
386,167,179,547,127
553,227,115,382,42
510,204,37,400,320
564,176,92,497,171
429,227,144,357,104
553,190,23,528,80
382,210,178,496,65
836,431,156,493,161
900,394,158,561,119
755,463,238,668,183
703,423,198,525,255
442,232,145,452,234
338,242,256,133,399
527,368,226,326,119
526,255,195,579,191
667,568,134,588,206
656,627,246,78,305
619,256,189,519,20
364,249,284,128,427
366,191,283,296,385
466,135,601,129,408
813,317,89,458,268
744,427,230,613,269
605,432,158,621,55
511,199,172,573,191
728,406,216,575,220
515,227,226,587,246
745,270,93,494,134
455,244,107,537,49
376,278,357,211,503
438,218,166,419,201
592,198,61,479,114
573,268,78,442,229
404,254,149,468,103
536,368,182,527,49
744,559,331,231,350
364,191,62,476,231
534,351,237,546,341
739,522,232,511,237
398,179,442,188,494
559,241,274,492,211
503,191,27,456,204
384,132,339,52,428
488,440,176,583,182
584,361,283,552,215
434,244,174,530,222
644,412,229,520,229
526,265,182,549,217
792,420,190,393,272
498,346,435,2,579
565,231,249,525,172
354,124,73,422,94
572,280,22,505,258
670,276,146,576,164
516,243,57,591,48
640,383,105,457,184
399,149,178,465,187
719,285,229,546,182
563,356,192,556,221
261,134,480,163,471
509,243,176,377,220
719,389,178,480,266
654,316,118,554,261
644,416,130,429,37
499,334,217,552,53
462,189,336,161,392
308,140,223,431,188
959,562,342,609,218
383,211,187,471,137
938,296,251,601,136
350,189,365,9,380
403,230,151,472,247
427,183,127,180,222
945,635,150,542,190
543,242,238,479,173
997,510,561,478,420
318,236,401,128,472
522,208,64,469,92
615,329,163,485,136
399,253,215,222,403
572,207,157,556,262
608,320,235,491,263
334,286,293,629,304
421,292,442,129,477
469,394,90,432,82
620,386,278,573,249
661,419,208,527,147
880,587,394,331,401
538,276,245,592,44
523,286,219,605,276
706,322,195,479,164
841,730,568,447,576
403,249,131,514,291
620,382,119,557,212
458,366,494,177,403
395,265,493,475,529
677,238,73,407,247
614,233,194,455,125
336,170,367,116,388
330,122,440,250,429
735,440,150,551,39
581,294,206,393,289
392,194,376,39,423
556,287,207,486,157
457,186,163,546,81
448,328,360,258,396
761,444,269,408,231
493,309,189,506,197
462,177,62,449,121
448,249,61,452,246
422,228,390,64,405
503,192,32,506,241
532,299,110,584,136
425,167,333,199,437
248,157,193,439,264
349,161,399,34,398
538,276,248,524,163
297,214,256,460,193
640,247,138,563,179
651,454,61,672,28
433,271,43,407,203
655,339,238,533,227
363,204,70,441,273
482,253,424,107,301
614,312,196,463,179
468,147,189,496,264
493,134,542,316,439
641,355,176,464,207
549,282,126,437,149
587,365,126,450,142
409,193,365,195,424
560,260,106,618,43
817,722,397,508,128
329,163,158,502,18
792,555,477,469,452
527,469,355,602,316
404,192,187,498,156
818,354,180,499,149
366,208,511,99,440
597,345,162,555,284
410,271,129,299,228
351,161,347,88,266
828,379,140,572,169
367,210,423,39,434
554,494,73,488,125
377,187,466,134,381
355,177,339,191,346
506,446,113,485,28
510,276,200,514,108
593,422,242,568,53
553,251,151,512,25
379,201,169,442,269
551,335,219,633,128
487,227,85,516,73
410,189,515,255,294
380,182,479,92,492
428,150,152,421,99
822,495,212,613,147
519,224,51,450,212
518,234,196,446,217
686,487,33,403,175
337,155,110,452,290
324,122,435,15,404
665,533,270,611,97
494,342,443,189,415
550,314,82,529,195
789,237,216,507,136
693,481,166,474,198
643,358,205,592,254
529,216,39,465,136
583,270,88,489,5
576,239,164,451,273
604,331,51,562,153
390,229,208,454,140
548,293,456,153,326
388,173,334,197,413
331,136,380,181,441
724,279,329,406,319
390,235,436,102,200
458,152,63,471,28
524,244,70,542,159
490,214,504,240,420
484,262,100,557,193
634,385,247,482,279
733,260,186,412,100
295,130,394,298,368
480,249,516,203,383
412,202,216,498,139
444,285,122,433,246
729,458,249,134,181
501,256,214,499,211
472,342,519,51,540
826,359,211,557,266
670,380,253,499,218
713,289,39,539,248
432,276,382,391,339
351,279,119,521,121
724,465,286,163,256
598,213,144,443,241
764,480,227,567,273
275,128,371,98,376
640,307,171,470,221
583,504,296,504,290
690,283,161,422,175
575,309,159,503,86
608,286,116,529,144
523,202,206,515,204
421,220,521,302,470
506,361,537,392,536
370,181,214,482,247
473,317,240,492,39
530,351,151,452,230
546,181,266,424,326
519,224,175,468,201
603,245,244,546,197
734,326,141,586,217
530,492,548,158,247
441,285,108,435,70
346,258,211,490,92
550,372,167,549,187
368,270,323,13,375
738,661,391,274,287
549,361,171,456,156
387,271,347,210,399
369,167,466,201,420
541,303,239,588,191
423,169,155,487,223
477,240,219,410,39
410,253,95,515,220
441,329,197,582,280
937,395,285,565,181
486,302,198,528,83
437,263,135,448,42
451,310,397,128,486
286,124,151,406,147
430,197,429,202,365
462,195,46,459,194
660,338,178,458,351
626,146,211,457,298
397,180,285,87,367
451,363,192,487,268
561,207,157,524,103
499,297,208,573,147
470,336,232,579,178
509,274,232,495,181
438,284,120,367,149
377,167,240,350,302
532,210,11,488,156
386,245,222,342,128
752,341,226,467,297
419,111,412,7,280
532,211,175,501,157
706,339,185,459,272
602,377,157,106,250
385,171,174,447,96
653,451,148,572,196
312,178,458,47,367
431,316,240,628,223
433,230,245,558,126
645,263,103,433,278
284,144,221,316,266
534,200,111,421,222
384,130,494,11,360
758,327,185,481,227
442,202,134,534,252
597,259,108,456,267
518,162,206,437,32
680,225,190,559,174
468,219,248,504,251
556,257,182,499,242
711,779,317,207,335
637,618,92,431,173
617,286,266,610,187
621,373,68,584,23
716,226,232,539,277
601,222,172,647,35
601,293,186,524,50
429,240,420,230,396
408,221,470,177,398
565,286,237,534,106
339,93,433,28,462
599,229,87,478,205
396,179,243,444,290
905,518,433,354,368
511,237,115,428,32
418,238,352,111,459
561,348,160,426,127
394,151,108,480,64
424,218,141,553,196
653,361,144,596,241
722,760,449,308,424
658,415,265,584,217
662,430,165,469,125
454,273,140,385,248
351,282,63,429,155
482,197,125,517,261
379,110,404,92,411
512,499,196,269,229
434,177,406,137,437
463,321,184,493,268
635,531,115,560,309
357,213,164,485,81
640,322,329,459,351
738,297,258,451,252
554,329,189,581,132
794,253,239,431,229
849,400,153,522,191
744,448,176,457,152
360,277,200,478,162
605,490,201,602,243
428,263,197,367,212
354,199,427,113,345
634,332,266,481,159
476,299,411,111,525
592,294,90,465,141
748,415,57,439,220
418,165,44,481,86
419,226,453,85,511
560,409,187,555,131
1021,593,291,475,286
571,335,277,572,213
394,111,137,342,234
650,385,160,560,7
539,322,225,568,81
876,272,188,434,215
515,382,322,538,303
647,281,122,540,214
378,235,401,239,511
505,321,134,433,223
519,201,88,531,216
1008,434,215,540,272
525,316,201,522,185
693,268,117,392,286
526,327,190,522,88
338,147,295,167,494
374,197,385,157,453
700,320,125,409,164
363,190,113,410,55
823,284,176,472,200
350,157,154,471,65
739,596,129,649,133
385,234,128,461,50
545,242,221,554,149
450,179,389,251,335
515,295,147,503,216
365,161,541,62,416
570,325,183,461,205
286,115,176,506,298
868,850,611,499,583
919,312,236,539,300
671,293,237,119,261
470,185,126,481,185
280,211,151,379,80
533,250,257,534,210
542,258,195,461,32
407,210,132,406,228
470,183,235,503,135
271,183,363,406,246
494,386,180,388,148
309,118,97,363,255
361,137,371,510,318
628,430,267,490,356
682,415,275,523,178
576,247,234,450,344
424,261,357,392,482
557,493,156,514,287
557,265,158,572,184
517,237,99,469,205
875,859,634,516,619
587,424,124,523,153
487,277,496,55,465
419,225,242,575,170
537,422,157,537,270
482,246,181,498,35
625,404,403,379,308
691,304,154,516,205
673,441,232,582,10
1001,537,226,479,191
339,230,313,302,353
617,330,240,513,256
709,264,100,532,241
356,264,297,515,206
472,260,178,597,188
498,178,160,489,228
570,282,183,598,74
651,320,218,438,197
249,146,559,310,359
415,239,164,461,65
340,138,334,105,415
465,407,175,490,175
336,176,158,513,173
566,305,189,502,31
548,277,160,446,154
822,428,116,542,215
485,348,252,583,122
474,354,199,490,28
595,364,104,516,152
377,230,536,263,410
544,350,201,599,187
403,146,330,254,466
600,252,194,523,298
550,260,54,453,280
798,273,270,534,300
816,885,585,532,527
511,162,67,374,73
669,812,243,246,30
586,449,16,417,273
466,255,410,265,456
786,498,260,629,160
964,391,238,544,210
697,532,202,576,90
461,214,206,575,247
529,249,182,581,157
681,314,135,529,175
339,103,31,316,84
469,265,249,415,236
661,248,217,486,38
667,595,238,470,290
370,215,473,120,412
634,281,191,335,215
284,203,225,369,239
404,121,419,175,383
396,227,271,558,182
319,114,444,118,361
571,304,236,567,270
687,334,186,462,155
371,181,440,206,498
495,212,88,409,200
721,376,125,471,180
462,158,171,500,261
468,183,32,428,233
313,199,393,163,366
502,225,172,455,235
432,269,426,103,393
640,357,131,607,135
591,281,126,395,168
508,317,60,476,237
823,859,199,557,258
444,141,90,507,250
586,251,73,458,175
440,265,528,347,407
529,245,49,457,227
385,234,175,479,117
858,692,150,520,175
623,403,287,557,270
566,249,162,420,181
785,406,87,558,230
382,293,140,450,196
598,352,273,576,75
403,234,296,251,548
451,268,340,202,430
433,251,435,91,465
304,130,366,147,383
